0,1,2,3,4,5,6,7,8,9,10,11,12,13,14,15,16,17,18,19,20,21,22,23,24,25,26,27,28,29,30,31,32,33,34,35,36,37,38,39,40,41,42,43,44,45,46,47,48,49,50,51,52,53,54,55,56,57,58,59,60,61,62,label
0.0,0.0,0.0,0.012087807059288025,-0.009466131528218588,-0.009868383403510114,0.018546973665555317,-0.023327479759852093,-0.016705180242610734,0.019386152426401775,-0.029756198326746624,-0.022827708274700004,0.017191047469774883,-0.03401146332422892,-0.028297954428894084,0.008262095352013906,-0.058317710955937706,-0.015073414305798968,0.006502017378807068,-0.07455572485923767,-0.025794640994273383,0.0036959871649742126,-0.06501275797684987,-0.031904591126941405,0.0013861184318860371,-0.05692950884501139,-0.0349704215339847,-0.005153780182202657,-0.05750544865926107,-0.014548425267558803,-0.010178079207738241,-0.07447876036167145,-0.02533919942001776,-0.010864493747552236,-0.06320827702681224,-0.028842645266356826,-0.011191830039024353,-0.055724114179611206,-0.029639380242628615,-0.016428266962369282,-0.05193369587262472,-0.015038931563604882,-0.02219507098197937,-0.06617896755536397,-0.023848573091082532,-0.023098468780517578,-0.05813630918661753,-0.02443345825866139,-0.02369155486424764,-0.05324796338876089,-0.023187712645732123,-0.025382354855537415,-0.04273907343546549,-0.016341186900576215,-0.031179100275039673,-0.05197532971700033,-0.022057247382852196,-0.03199565907319387,-0.04828238487243652,-0.02207742037308987,-0.031840008993943535,-0.04545725385348002,-0.020933288339478533,A
0.0,0.0,0.0,0.012883804738521576,-0.010019232829411825,-0.00996177608110016,0.02008853604396184,-0.02575485905011495,-0.016928180154661392,0.02110242595275243,-0.03544174631436666,-0.023228341592103297,0.01852189501126607,-0.04123361905415853,-0.029589079198986346,0.010482557117938995,-0.06516358256340027,-0.0152605517406638,0.01020056257645289,-0.09772838155428569,-0.02406031983246411,0.009089892109235128,-0.1193303515513738,-0.029967888757834887,0.007224217057228088,-0.13732280333836874,-0.03411961536506817,-0.003208694358666738,-0.0679089327653249,-0.014787269595948413,-0.004898483554522197,-0.07698883612950642,-0.026172928701092852,-0.004936476548512776,-0.06506321827570598,-0.03069017442837363,-0.005912984410921733,-0.05568614105383555,-0.03210932438845441,-0.01484194646279017,-0.061680386463801064,-0.014909498466116741,-0.01731981337070465,-0.06453422705332439,-0.023886606829489326,-0.017758257687091827,-0.056535765528678894,-0.02481444098018115,-0.019153257211049397,-0.05070755382378896,-0.023893994390592033,-0.024461810787518818,-0.05058432618776957,-0.015914140923818005,-0.027225039899349213,-0.052401443322499595,-0.021644737139592623,-0.02723463624715805,-0.04775469501813253,-0.021542207216471487,-0.027961465219656628,-0.04459063212076823,-0.02027988557511325,A
0.0,0.0,0.0,0.012461856007575989,-0.012459480762481689,-0.010817752564499017,0.017533072829246522,-0.03173981904983521,-0.01718301528150761,0.015222027897834778,-0.04749573469161987,-0.022862219968983764,0.010756218433380127,-0.05950847864151001,-0.028425106005916235,0.007156679034233093,-0.06867331266403198,-0.014704020107338067,0.006911584734916687,-0.10100810527801514,-0.023858045572588082,0.0055593311786651615,-0.12002414464950562,-0.029505926901647682,0.0031545490026474,-0.13651686310768127,-0.033001806186685204,-0.005766540765762329,-0.07056015729904175,-0.014752027085224028,-0.013578233122825623,-0.10777127146720886,-0.024699347065934775,-0.019466933608055115,-0.12955971360206603,-0.030728159817108747,-0.025108543038368226,-0.1475385308265686,-0.033955593006858464,-0.016421830654144286,-0.06289559602737427,-0.015603882512250778,-0.023807728290557863,-0.07629292011260987,-0.027350819083103772,-0.02508506178855896,-0.07061636447906494,-0.031639095368036864,-0.02632882595062256,-0.0665233850479126,-0.03201981742883646,-0.02483694553375244,-0.04991005659103394,-0.017082136096605895,-0.03137712776660919,-0.05743676424026489,-0.026063914196738834,-0.03221248686313629,-0.05424576997756958,-0.027935535060414907,-0.03298519551753998,-0.05151621103286743,-0.02761785496974909,A
0.0,0.0,0.0,0.013131093978881837,-0.01058194637298584,-0.010261120277441194,0.019198819994926453,-0.029126083850860594,-0.016329068507052114,0.015669262409210204,-0.04567197561264038,-0.021212848464942625,0.01058308184146881,-0.05983932018280029,-0.026554938781059433,0.008479610085487366,-0.06962002515792846,-0.015938418175078083,0.009134030342102051,-0.10325218439102173,-0.02350762374976938,0.0085429847240448,-0.122471022605896,-0.028534137646651914,0.006762072443962097,-0.13952738642692566,-0.03200585861036842,-0.004318347573280335,-0.07212491035461426,-0.016067369098759342,-0.009179127216339112,-0.11137459874153137,-0.022984586472607305,-0.013984608650207519,-0.13401291370391846,-0.028286646868086508,-0.019006145000457764,-0.1523059368133545,-0.0318117877496249,-0.01496293842792511,-0.06472408771514893,-0.016713227520681072,-0.024322620034217833,-0.09542242288589478,-0.025542636032200507,-0.031022000312805175,-0.11369036436080933,-0.03237518463561599,-0.03697821199893951,-0.12858203649520875,-0.036714828948474575,-0.02332165837287903,-0.05000758171081543,-0.017786018925703216,-0.028803157806396484,-0.06268647909164429,-0.02666821573207443,-0.029823407530784607,-0.059116137027740476,-0.030080575685001065,-0.030680370330810548,-0.05339946746826172,-0.031808818320727995,A
0.0,0.0,0.0,0.014016568660736084,-0.01749669313430786,-0.008676997019651366,0.019471383094787596,-0.04206608533859253,-0.013757970027367606,0.016928839683532714,-0.06505659818649293,-0.018062901433299316,0.012915611267089844,-0.08306628465652466,-0.022503399645651713,0.00832480490207672,-0.0726349949836731,-0.013339846051971449,0.009076988697052002,-0.10461411476135254,-0.02124357883047594,0.008282947540283202,-0.12414167523384094,-0.026777305902655257,0.006341609358787537,-0.14090067148208618,-0.03056638788592352,-0.004882141947746277,-0.07521888017654418,-0.01360502129581107,-0.009775078296661377,-0.11265481114387513,-0.020816801191980972,-0.014675581455230713,-0.13519405722618102,-0.02594910029482378,-0.020084315538406373,-0.15311065912246705,-0.02948760323386921,-0.016264590620994567,-0.06883196830749512,-0.014462376741434468,-0.025070187449455262,-0.09970473051071167,-0.021796165855343476,-0.03163109421730041,-0.11645355820655823,-0.026462319755668772,-0.037729319930076596,-0.12956016063690184,-0.029315740877504482,-0.025400832295417786,-0.05595706701278687,-0.01586396012615694,-0.03433881402015686,-0.07687392234802246,-0.022548058705146444,-0.04074707627296448,-0.08849363327026367,-0.02544993356030716,-0.046681493520736694,-0.09753364324569702,-0.02703876894127859,A
0.0,0.0,0.0,0.017955857515335082,-0.017043662071228028,-0.009607479145916642,0.02707321345806122,-0.045111870765686034,-0.014401274809780063,0.03007676303386688,-0.0712242603302002,-0.01839161411130661,0.031891250610351564,-0.09192557334899902,-0.022575172113420906,0.007561644911766053,-0.07715926170349122,-0.012418144645335616,0.007318717241287231,-0.11054375171661376,-0.020027751365842762,0.006324788928031922,-0.13069029450416564,-0.025591730030419767,0.004147472977638245,-0.14808492064476014,-0.029470018373968544,-0.006885302066802978,-0.07927170991897584,-0.01226702340150112,-0.012143599987030029,-0.11734954714775085,-0.019056243712248743,-0.016891354322433473,-0.14010074734687805,-0.02434338636899227,-0.022401869297027588,-0.158511483669281,-0.028110382037403524,-0.019023424386978148,-0.072372305393219,-0.012903687061908187,-0.02741316854953766,-0.10432262420654297,-0.019768952841105403,-0.03358332514762878,-0.12193548679351807,-0.02454659052396053,-0.039408499002456666,-0.13567719459533692,-0.027612984256985128,-0.02859337627887726,-0.05861585140228272,-0.014224345686080397,-0.03755782842636109,-0.08128684759140015,-0.020359687583687246,-0.043693354725837706,-0.09431884288787842,-0.023148755805733147,-0.04910282492637634,-0.10451568365097046,-0.02477257035875553,A
0.0,0.0,0.0,0.00865122675895691,-0.01514461636543274,-0.010234058855975725,0.015160661190748215,-0.03473751246929169,-0.015762225746120073,0.018992748111486435,-0.051039114594459534,-0.01976813808822886,0.021554242819547653,-0.06398993730545044,-0.02363730980822698,-0.004770413041114807,-0.05595250427722931,-0.015286514906155624,-0.005748437717556953,-0.06654900312423706,-0.02231057188281671,-0.006261790171265602,-0.06706032902002335,-0.02670015641296164,-0.006776630878448486,-0.06645095348358154,-0.029537455316575922,-0.013612492009997368,-0.04720941185951233,-0.01383683029370264,-0.015538157895207405,-0.059553563594818115,-0.020937271088304676,-0.015803195536136627,-0.05926826596260071,-0.024994920611324467,-0.01607706770300865,-0.05661487579345703,-0.0277679428904678,-0.020310252904891968,-0.03352564573287964,-0.013046883300821044,-0.023187117651104927,-0.04503990709781647,-0.01987167298601822,-0.02331792190670967,-0.046005696058273315,-0.023964284591319718,-0.02278861775994301,-0.046251870691776276,-0.02669380153337375,-0.02500102110207081,-0.017416924238204956,-0.012888537683001466,-0.029603973031044006,-0.020259574055671692,-0.018757345962048255,-0.030806267634034157,-0.020708948373794556,-0.021682251964638688,-0.031004251912236214,-0.021857276558876038,-0.023673236507865347,A
0.0,0.0,0.0,0.016252678632736207,-0.011771905422210693,-0.01219994551799175,0.0287037193775177,-0.034500646591186526,-0.020069522180770606,0.04022645950317383,-0.05140390396118164,-0.027241524824117392,0.05276304483413696,-0.06199846267700195,-0.035020155602310865,0.005755460262298584,-0.06723927259445191,-0.019699344181631773,0.0037132322788238524,-0.10069807767868041,-0.0285797038610923,0.0019846737384796144,-0.12134330272674561,-0.03450778737029907,0.000238722562789917,-0.1393139123916626,-0.038972512402747836,-0.010234561562538148,-0.06405444145202636,-0.01917749992868778,-0.011346054077148438,-0.07655656337738037,-0.029326246821497648,-0.011218884587287902,-0.08013468980789185,-0.03387295618018982,-0.012249046564102173,-0.08385533690452576,-0.03679502918681976,-0.02265266180038452,-0.05071935653686523,-0.019327270754789082,-0.02648921012878418,-0.05682084560394287,-0.028779254251335828,-0.02763378918170929,-0.05792464017868042,-0.03144893474242565,-0.02895857095718384,-0.0598432183265686,-0.03263430646917698,-0.032140675187110904,-0.0329702615737915,-0.020563415953134268,-0.03804957866668701,-0.03692249059677124,-0.028056245812391013,-0.039154425263404846,-0.03761634826660156,-0.02985465503594753,-0.039999115467071536,-0.039276182651519775,-0.03058882667980072,A
0.0,0.0,0.0,0.012231743761471339,-0.01617164271218436,-0.01216698569852172,0.0169255222593035,-0.035289338656834195,-0.020213239748508322,0.016757952315466746,-0.047586449554988315,-0.027321922515065062,0.017403907009533474,-0.05709835461207798,-0.03433801957746547,0.002761274576187134,-0.0667176331792559,-0.01966199390797588,0.0030621417931147982,-0.09989255666732788,-0.030132770859714646,0.0025310048035212924,-0.11990080560956683,-0.03624160673144518,0.0008803946631295341,-0.13667054261480058,-0.04007211333082036,-0.01110270619392395,-0.066286529813494,-0.0195816739882194,-0.016786730715206692,-0.10606919016156878,-0.03117884035828768,-0.020447346780981337,-0.13266256025859288,-0.037691530161615514,-0.0244807100721768,-0.15509387850761414,-0.0415345063719883,-0.02254186357770647,-0.05598663432257516,-0.020148679669359484,-0.028402562652315413,-0.06866951499666486,-0.03204669888737856,-0.03078226319381169,-0.06745001247950963,-0.036000498758840295,-0.033271853412900655,-0.06854255710329328,-0.036641989224668645,-0.03121869053159441,-0.04091283253261021,-0.021474324887297565,-0.038173251918384006,-0.04846538816179548,-0.02961219320547213,-0.03972179974828448,-0.04908135959080288,-0.03101513833014938,-0.04148402490786144,-0.05125393186296735,-0.031019841775243355,A
0.0,0.0,0.0,0.012283802032470703,-0.017934882640838624,-0.009173616431073128,0.016118159890174864,-0.04367910623550415,-0.014180743544713437,0.015210586786270141,-0.06580636501312256,-0.01828921766893643,0.016164177656173707,-0.08309205770492553,-0.022797624803499162,-0.0016329824924468995,-0.0717847466468811,-0.013612985461369931,-0.0035574644804000854,-0.10805845260620117,-0.020782527550474585,-0.005029255151748657,-0.1289048433303833,-0.025513231604710994,-0.007207527756690979,-0.14626306295394897,-0.02892988048435825,-0.012710624933242798,-0.07102340459823608,-0.014260982013658463,-0.01834960877895355,-0.11438019275665283,-0.020888140275494037,-0.02183072566986084,-0.14180240631103516,-0.02597147751541513,-0.02538518011569977,-0.16506266593933105,-0.029638938642457903,-0.021201398968696595,-0.06106420755386353,-0.015596250295058667,-0.030980789661407472,-0.09458303451538086,-0.023590227253154693,-0.036615458130836484,-0.1175379991531372,-0.030090860686615883,-0.04081237316131592,-0.13860572576522828,-0.03452972736151594,-0.027060726284980775,-0.04475710391998291,-0.017350000924781738,-0.036808112263679506,-0.05857881307601929,-0.02501662377210039,-0.04092885851860047,-0.06245170831680298,-0.028630889988855303,-0.04345678687095642,-0.06552959680557251,-0.03104410659463781,A
0.0,0.0,0.0,0.012630194425582886,-0.013944347699483236,-0.01075736201036174,0.017260683079560597,-0.036532958348592125,-0.015884867332038272,0.016564061244328816,-0.05950318773587545,-0.019733844563769292,0.015055373311042786,-0.07692026098569234,-0.023085884988712262,-0.0003435499966144562,-0.06278533736864726,-0.011774605960989485,-0.006131877501805623,-0.08112752437591553,-0.01968690047329365,-0.00976875921090444,-0.08053571979204814,-0.0247206786552141,-0.013551407183210054,-0.08091267943382263,-0.027711845707552623,-0.012907246748606363,-0.06263438860575359,-0.009845286574929446,-0.021585625906785328,-0.08050469557444255,-0.017990507967553526,-0.02639918029308319,-0.07608310381571452,-0.02202110156084795,-0.03095334271589915,-0.07362230122089386,-0.024056209334887058,-0.023223007718722027,-0.05693558851877848,-0.009011518953461936,-0.03246129552523295,-0.07380648454030354,-0.017021483980523538,-0.03693791416784128,-0.06861164172490437,-0.019507944201833993,-0.04096323624253273,-0.06559991836547852,-0.02018290929474631,-0.03128788744409879,-0.04731737573941549,-0.008945763078301638,-0.040354080498218536,-0.058578153451283775,-0.015379892590549579,-0.043968827153245606,-0.054808109998703,-0.017136785130110372,-0.046920979395508766,-0.05194891492525736,-0.01749568409885664,A
0.0,0.0,0.0,0.010130193829536439,-0.003758525848388672,-0.01580928414496796,0.0178918719291687,-0.012237346172332764,-0.02748140524509566,0.025266742706298827,-0.02060728073120117,-0.03738254848304408,0.031509017944335936,-0.027550625801086425,-0.047550240339666774,-0.005165714025497437,-0.028598475456237792,-0.028672525839835573,-0.0036519229412078857,-0.03392373323440552,-0.041697078378826545,-0.0007839515805244446,-0.03149931430816651,-0.05025637540403025,0.0015110194683074952,-0.028452074527740477,-0.05538834202471392,-0.015045802295207977,-0.02618405818939209,-0.026375004829794334,-0.013892659544944763,-0.027957606315612792,-0.03850243854704516,-0.010918259620666504,-0.02282041311264038,-0.04409629795137064,-0.007628536224365235,-0.016048908233642578,-0.04784327465477602,-0.02174306958913803,-0.019823360443115234,-0.024680833326608108,-0.021891407668590546,-0.02049582004547119,-0.03554974998715536,-0.018338817358016967,-0.015183496475219726,-0.03886030930462496,-0.01455235630273819,-0.00969555377960205,-0.040294141503006385,-0.026035183668136598,-0.011209261417388917,-0.024188285315364766,-0.02974078953266144,-0.011455035209655762,-0.0317417120504679,-0.028685358166694642,-0.011826896667480468,-0.03358850199165957,-0.025715850293636322,-0.011863744258880616,-0.03452615197184698,A
0.0,0.0,0.0,-0.0003343735422406878,-0.03559445483343942,-0.002980296423075655,0.0029727561133248465,-0.06473436525889806,-0.005933146347906109,0.005775962557111468,-0.0829751832144601,-0.008655289393798782,0.006355068513325283,-0.09628109421048846,-0.011378779963672361,0.005274248974663871,-0.05720335245132446,-0.00918722178276329,0.013395577669143677,-0.07014913218361991,-0.015427237033527013,0.016273958342415944,-0.07614518914903913,-0.019373020213312536,0.01752068740980966,-0.08144039767129081,-0.02195319645394405,0.006452045270374843,-0.040448520864759176,-0.011350625450272846,0.01646977663040161,-0.0533326438495091,-0.01740472330334164,0.02092684166772025,-0.06130953345979963,-0.021235626113949278,0.02315769451005118,-0.06838616303035192,-0.024174485943894503,0.008111613137381417,-0.02270017351422991,-0.013558075686333635,0.01833082948412214,-0.032842891556876044,-0.019504394172240782,0.023144125938415527,-0.04028323718479702,-0.022356445957190423,0.025441965886524746,-0.04769062144415719,-0.02425575913882914,0.010290452412196569,-0.005088065351758685,-0.015747687835461526,0.018583625555038452,-0.01210108825138637,-0.02032539919306358,0.0221590484891619,-0.018105736800602505,-0.02152585350264629,0.02367437311581203,-0.024630793503352573,-0.022376478971862568,A
0.0,0.0,0.0,-0.001863544185956319,-0.03977037469546,-0.004558525156650006,-0.0018887768189112346,-0.07243830959002177,-0.006864356635481054,-0.0014075984557469685,-0.09428901473681132,-0.008712055202140098,-0.0035822043816248574,-0.11063257853190105,-0.010288700099329398,0.00026987989743550617,-0.0606955091158549,-0.005390590834618791,0.006090198953946431,-0.07951399683952332,-0.00968816826138763,0.007294386625289917,-0.08942448099454244,-0.012823334566970601,0.0065102676550547285,-0.09763524929682414,-0.015093928539420412,0.0016205509503682454,-0.04375961422920227,-0.005865167284882252,0.01032102108001709,-0.06008679668108622,-0.009557336648182257,0.013624717791875204,-0.07043253382047017,-0.012750716571262663,0.014662931362787882,-0.08003970980644226,-0.015556949648495078,0.003755703568458557,-0.02719123164812724,-0.006847916871186281,0.012688954671223959,-0.041356176137924194,-0.01074486614068467,0.016235296924908955,-0.05202951033910116,-0.013066551261768922,0.017599284648895264,-0.06164148449897766,-0.01494443467216063,0.006431897481282552,-0.011812726656595865,-0.008134779754903102,0.014398708939552307,-0.02225308616956075,-0.011307676557328486,0.01762556533018748,-0.02964240312576294,-0.012251436944927955,0.019270072380701702,-0.037058879931767784,-0.013099550193673556,A
0.0,0.0,0.0,-0.0008720040321350097,-0.03400888442993164,-0.0021681320133135175,0.00361788272857666,-0.06822053194046021,-0.007613627266975165,0.013921844959259033,-0.08872037529945373,-0.014137196579387456,0.019970929622650145,-0.09111342430114747,-0.020813185294529468,-0.014462178945541382,-0.09110223650932311,-0.010776620536482007,-0.010650867223739624,-0.132288920879364,-0.019164459166487725,-0.00807654857635498,-0.15832656621932983,-0.025738883522709876,-0.0061151087284088135,-0.17970187664031984,-0.030771163982709914,-0.012737429141998291,-0.08015179634094238,-0.014604214989950926,0.00845518708229065,-0.09737004637718201,-0.024141093475183516,0.012460845708847045,-0.08511083126068116,-0.02722403941806224,0.011072772741317748,-0.07497992515563964,-0.029124301803669005,-0.006380575895309448,-0.06430904865264893,-0.01836582956965831,0.015460562705993653,-0.08019890785217285,-0.025747581330498724,0.016231876611709595,-0.06834442615509033,-0.023631763217410118,0.012426650524139405,-0.05895931720733642,-0.021741168518921404,0.0014203131198883058,-0.04844310283660889,-0.022599909958800346,0.019944751262664796,-0.06459033489227295,-0.02646895064171222,0.019697630405426027,-0.056247925758361815,-0.023862622809967073,0.015388703346252442,-0.04799917936325073,-0.02154596367981103,A
0.0,0.0,0.0,0.006292954087257385,0.004928725957870484,-0.014747261626907805,0.01181342601776123,0.008289611339569092,-0.025618714139127353,0.014324033260345459,0.016155534982681276,-0.034159375213348483,0.013600960373878479,0.022880077362060547,-0.04205826395031176,0.004902788996696472,-0.025706028938293456,-0.028916988753044225,0.007508048415184021,-0.01254534125328064,-0.04100688495513163,0.009384304285049438,-0.005125409364700318,-0.04741550260063372,0.010234621167182923,-0.0020755350589752196,-0.050882436752581216,0.00011400878429412842,-0.027999180555343627,-0.025926255107187844,0.004157620668411255,0.0028787493705749513,-0.0364539515676733,0.007515040040016174,0.014120161533355713,-0.03812465746726952,0.008089947700500488,0.014881861209869385,-0.039033645995223146,-0.0033298999071121214,-0.023751258850097656,-0.023443726308905698,0.0013177871704101562,0.004779893159866333,-0.03200829834517203,0.004200190305709839,0.011169946193695069,-0.02936632302429638,0.004562371969223022,0.008435308933258057,-0.02678372557114921,-0.005624550580978394,-0.016815763711929322,-0.0222785645614203,-0.000998169183731079,0.0025528907775878907,-0.028223257277422763,0.0018542379140853882,0.006511491537094116,-0.026585690163337804,0.0025911718606948853,0.003878509998321533,-0.024678286955022433,A
0.0,0.0,0.0,0.017790699005126955,-0.028058522939682008,-0.0007191642688184174,0.033221447467803956,-0.05683271884918213,-0.00529280440300397,0.0462492823600769,-0.07507380247116088,-0.010813897968043306,0.05678591728210449,-0.0895258605480194,-0.016635857281514177,0.02022479772567749,-0.08657222390174865,-0.009673856109154144,0.039369672536849976,-0.11818800568580627,-0.020042462929856696,0.05112584233283997,-0.12146212458610535,-0.02725634603179685,0.05998747348785401,-0.12066096067428589,-0.031375140793394964,0.013752573728561401,-0.08657892346382141,-0.01545284507214717,0.02934388518333435,-0.13415447473526002,-0.02374008922256223,0.03894849419593811,-0.1626367151737213,-0.029979720994603554,0.04655064940452576,-0.18529919981956483,-0.03445655154414169,0.007508069276809692,-0.07690175771713256,-0.021315416045260348,0.019457727670669556,-0.11708687543869019,-0.029110121451091688,0.02716480493545532,-0.14178866147994995,-0.034158337212872425,0.0336175799369812,-0.16279128491878508,-0.03783661807305805,0.002710646390914917,-0.061918985843658444,-0.02697978085256807,0.01012885570526123,-0.08004990220069885,-0.03263661237783424,0.014937072992324829,-0.09187237024307252,-0.03392995344824783,0.019785642623901367,-0.10221790671348571,-0.034952755555283946,A
0.0,0.0,0.0,0.015071237087249756,-0.01968994140625,-0.013993979844326532,0.018908780813217164,-0.048702013492584226,-0.020689692947144067,0.01367923617362976,-0.0731414794921875,-0.025544508772964037,0.009157180786132812,-0.09292017221450806,-0.030364351945991075,0.00047526657581329344,-0.07470182180404664,-0.016350801142925774,-0.0019122809171676636,-0.10587561130523682,-0.025087054858977352,-0.004325014352798462,-0.1254429340362549,-0.03150512319343761,-0.0076601505279541016,-0.14223313331604004,-0.03604229301499799,-0.012620356678962708,-0.07293806076049805,-0.01399539163621739,-0.018464460968971252,-0.10557792186737061,-0.021931652392322577,-0.023821452260017396,-0.1250019073486328,-0.02798996795254425,-0.02909132242202759,-0.14033198356628418,-0.032487993913764515,-0.023066893219947815,-0.0638509750366211,-0.012862476094687736,-0.03130815923213959,-0.09086843729019164,-0.021178597438211,-0.037236225605010984,-0.10545998811721802,-0.026979645009214438,-0.042193052172660825,-0.11616653203964233,-0.030662185925120867,-0.03106960952281952,-0.04980951547622681,-0.012741860880578316,-0.040045762062072755,-0.07036112546920777,-0.02024702359276489,-0.045627886056900026,-0.08223015069961548,-0.024486853222424543,-0.05048354268074036,-0.09129626750946045,-0.02728668585705236,A
0.0,0.0,0.0,-0.006484434008598328,-0.03548627098401388,-0.005088204484951693,-0.0052400628725687666,-0.07507763554652531,-0.008481680304951666,0.0013322383165359497,-0.10855320344368617,-0.01096869743775919,0.006018698215484619,-0.1355973556637764,-0.013089268280091085,0.006546492377916972,-0.09152210503816605,-0.009689428150862156,0.02195340891679128,-0.13333944603800774,-0.014647351700089573,0.0322226087252299,-0.15093490605552992,-0.01672127606771608,0.039447054266929626,-0.1623789556324482,-0.017377747267382542,0.015670984983444214,-0.0814207171400388,-0.01031748155556341,0.03064761559168498,-0.13072517017523447,-0.013538542500439732,0.039517104625701904,-0.15772294128934541,-0.01490399623287253,0.045727754632631935,-0.1764212648073832,-0.01577096206017181,0.023392270008722942,-0.06537109116713206,-0.011285708757325708,0.037334476908047996,-0.10666503260533015,-0.014781181764531581,0.045556495587031044,-0.1280148228009542,-0.015598454397186027,0.05161866048971812,-0.1437897669772307,-0.015888141318743127,0.030388673146565754,-0.045679969092210136,-0.012439018625663914,0.040480658411979675,-0.07454516490300496,-0.014901647320924027,0.046237980326016746,-0.09079663455486298,-0.014015675916234352,0.05084386964639028,-0.10334459692239761,-0.012917626228081383,A
0.0,0.0,0.0,0.0008067972958087921,-0.03371282294392586,-0.006370850670131212,0.0024152323603630066,-0.05500161647796631,-0.01329483479515492,0.0029847025871276855,-0.07152734696865082,-0.018479266937569072,0.0014527849853038788,-0.08491865918040276,-0.023858442733975416,0.0024494975805282593,-0.03831232339143753,-0.025498298148371568,-0.0020806118845939636,-0.04278682544827461,-0.03440800231204211,-0.005452733486890793,-0.04559831693768501,-0.03749606051736354,-0.0079045370221138,-0.048032116144895554,-0.03877334608717664,0.0021196119487285614,-0.013620603829622269,-0.025795254775069942,-0.002869982272386551,-0.018955335021018982,-0.03529561465860187,-0.005972839891910553,-0.023781027644872665,-0.037488569831688245,-0.007341358810663223,-0.027722209692001343,-0.03868865078278194,0.0006120316684246063,0.007783561944961548,-0.025256878105786917,-0.0037856586277484894,0.004579976201057434,-0.03262189659893355,-0.005805596709251404,-0.0012638941407203674,-0.03302008082267438,-0.0065310001373291016,-0.0068745240569114685,-0.03294520232032827,-0.0017566308379173279,0.02478332817554474,-0.024723517860032906,-0.005423717200756073,0.02448447421193123,-0.029795783083167215,-0.006931126117706299,0.020824216306209564,-0.029536055668935468,-0.007224757224321365,0.016298808157444,-0.0289931874491538,A
0.0,0.0,0.0,-0.003976930271495472,-0.03191776709123091,-0.011854323369698848,-0.006195016882636331,-0.055991747162558815,-0.022605735704466102,-0.007125347852706909,-0.07823847098784013,-0.03107679497873317,-0.009345420382239601,-0.09774167429317128,-0.04014558334664941,-0.01220890608700839,-0.024620088663968174,-0.03331345766528162,-0.01920715245333585,-0.017695584080436012,-0.04592253308149977,-0.02344569292935458,-0.015093364498832008,-0.053228729215698566,-0.026854821226813576,-0.01375932585109364,-0.05792800004932089,-0.011847563765265724,-0.0019047531214627352,-0.031917430779636664,-0.019719858061183582,0.002704376524144953,-0.04371297128921281,-0.02579828284003518,0.003851814703507857,-0.048619238216931926,-0.03043568405238065,0.004142338579351252,-0.05307474078525272,-0.010981578718532215,0.01670274951241233,-0.03006306305611751,-0.016978976401415737,0.021169857545332474,-0.04030429409054268,-0.022348127581856468,0.02218217741359364,-0.043909079545086833,-0.026479642499576916,0.021034061908721924,-0.04678890979170875,-0.00964803858236833,0.029948304999958385,-0.028651045700529162,-0.013807925311001864,0.03698703917590054,-0.03604696071028785,-0.017925091765143654,0.039294605905359443,-0.03860364962453267,-0.0217219970443032,0.040143760767850006,-0.041045779766170215,A
0.0,0.0,0.0,-0.003311340297971453,0.00424619231905256,-0.025361947424866558,-0.008205239261899675,0.013122213738305228,-0.043175565054530844,-0.012595029813902718,0.027536894593920027,-0.055546120716149554,-0.016314314944403514,0.03779785122190203,-0.0675161290404491,-0.015976692949022566,-0.04030539734022958,-0.050206160015450293,-0.023223306451525007,-0.05499651602336338,-0.07170840629738066,-0.026570464883531843,-0.07092337948935372,-0.08362967851135059,-0.02937181293964386,-0.08549746870994568,-0.0906665017585108,-0.015221600021634783,-0.03875619173049927,-0.04308243718759001,-0.021571512733186995,-0.0065140681607382634,-0.06226132874206484,-0.020397322518484935,0.018415361642837524,-0.06222174646827502,-0.017079549176352366,0.0223314676965986,-0.0603562450857538,-0.014173480016844613,-0.02853279880114964,-0.037434331649272866,-0.020052249942507063,0.005763637168066842,-0.05555734474972666,-0.018858109201703752,0.023402260882513865,-0.05223381689845162,-0.015728473663330078,0.020694749695914134,-0.047384591615782554,-0.012048091207231795,-0.01808965631893703,-0.03324442367697111,-0.018072843551635742,0.010672011545726232,-0.046151567891396884,-0.01635449698993138,0.02160551292555673,-0.045321910883855905,-0.013584349836621965,0.01945989898272923,-0.042991043044144854,A
0.0,0.0,0.0,0.017535230943134854,-0.02591197831290109,-0.00587869611825788,0.0250512318951743,-0.0600811413356236,-0.007835192539239508,0.027005629880087718,-0.09139840943472725,-0.00969213041068714,0.028919884136744907,-0.11600175074168614,-0.01159836897351374,0.013533187764031547,-0.07861294916697911,-0.0023219039305205796,0.011840756450380598,-0.11191116912024361,-0.007480261814024772,0.010311829192297799,-0.12739098072052002,-0.011939490613037926,0.008626120431082589,-0.1394639483519963,-0.014865553538623606,0.0014102160930633545,-0.0790219817842756,-0.002665664027687103,-0.0006440111568995885,-0.11465861116136823,-0.00824748318899417,-0.002581013100487845,-0.132218565259661,-0.013971065902725868,-0.0035996479647500174,-0.14544011865343368,-0.017585245759268897,-0.009548366069793701,-0.07266225133623395,-0.003909139727550899,-0.011349362986428397,-0.10333476747785296,-0.009795155243059295,-0.012608843190329415,-0.11905619927815028,-0.014303614385335514,-0.012558894498007638,-0.13162933077130998,-0.016790516142243726,-0.019410469702311924,-0.060468784400394986,-0.005534297823981722,-0.022495921169008528,-0.08223036357334682,-0.00995219758303564,-0.023650424821036204,-0.0968606982912336,-0.012100459874650138,-0.023274140698569163,-0.11047921010426112,-0.01329597850720259,A
0.0,0.0,0.0,0.016394267479578655,-0.016617347796758015,-0.01162857719450964,0.024516813457012177,-0.04274027546246847,-0.018264436259888345,0.02819267412026723,-0.06767512361208598,-0.023402455126889283,0.03177362680435181,-0.09028243025143941,-0.028349306919324135,0.0017584487795829773,-0.0696146587530772,-0.015684713395955896,-0.00027614086866378784,-0.10260722041130066,-0.023383836591638858,0.0018411899606386821,-0.11725218097368877,-0.028685188405859208,0.003088506559530894,-0.1252837379773458,-0.031918561415769396,-0.010212386647860209,-0.06894750396410625,-0.013420070463193193,-0.013359566529591879,-0.10407925645510356,-0.020529259714010095,-0.011627137660980225,-0.11459299921989441,-0.02555703622042908,-0.010938666760921478,-0.11541468898455302,-0.028835348648973042,-0.01868729790051778,-0.06291365623474121,-0.011862195193790134,-0.02230135351419449,-0.09243727723757426,-0.018506267127293086,-0.021330935259660084,-0.10041869680086772,-0.023119896048702532,-0.020824506878852844,-0.10022817055384318,-0.025844418618229763,-0.024210145076115925,-0.05367914835611979,-0.01104924930634373,-0.028668853143850963,-0.07668550809224446,-0.016424683640423154,-0.028304581840833027,-0.08496408661206563,-0.019171854655591385,-0.027868191401163738,-0.08648641904195149,-0.020721358421591656,A
0.0,0.0,0.0,-0.002291593700647354,-0.007945641875267029,-0.0041029135808399175,-0.004081740975379944,-0.02363482117652893,-0.007556864793417439,-0.00570407509803772,-0.0343441516160965,-0.011357538087298558,-0.006028816103935242,-0.04139523208141327,-0.014358659425755427,-0.010099902749061584,-0.06284698843955994,-0.00392746918614062,-0.016063261777162552,-0.05966538190841675,-0.01142864456587045,-0.01236097514629364,-0.038053691387176514,-0.01580035655014722,-0.007686115801334381,-0.02384960651397705,-0.017553632065658853,-0.012495670467615128,-0.0645647644996643,-0.004678916075039119,-0.018183942884206772,-0.05745156109333038,-0.012134231545036123,-0.012767348438501358,-0.03584088385105133,-0.014349403010686324,-0.007237430661916733,-0.025737285614013672,-0.014368859037761972,-0.013852957636117935,-0.060750678181648254,-0.00633489745623006,-0.019149888306856155,-0.0513569712638855,-0.013164135545497224,-0.01409035176038742,-0.031807318329811096,-0.012584121815865323,-0.009233038872480392,-0.022809013724327087,-0.010445447789510176,-0.014575101435184479,-0.05295981466770172,-0.008330617134464369,-0.01950627565383911,-0.045019909739494324,-0.012218880850826785,-0.01636534556746483,-0.03092867136001587,-0.010853037854661629,-0.012307539582252502,-0.0237436443567276,-0.00850296838861464,A
0.0,0.0,0.0,-0.0025920442172459195,-0.0019661358424595426,-0.003590314167845118,-0.003263673612049648,0.01912186826978411,-0.011150294683102706,-0.0009710320404597691,0.050965845584869385,-0.01792586245683227,0.004529344184058053,0.07456302642822266,-0.025359928841863017,-0.0008288238729749407,-0.0008262566157749721,-0.02488998639772585,-0.0022060232503073557,0.01730788605553763,-0.03580839529609646,-0.001913032361439296,0.022006630897521973,-0.04168095303409406,-0.0011048274380820139,0.023109155041830882,-0.045669327058723654,-0.00011181831359863281,0.009038278034755163,-0.028024754587854313,-0.0017534111227308,0.06782560689108712,-0.03882406276227712,5.845512662615095e-06,0.0706793921334403,-0.03881740806334325,0.0010053302560533797,0.06030012880052839,-0.03843067556595768,-4.6559742518833703e-05,0.023377818720681325,-0.030307347987140583,-0.00249857987676348,0.0784896697316851,-0.038678238934465474,-0.0016363476003919328,0.07409824643816267,-0.033400301922406124,-0.0005463191441127232,0.060053305966513496,-0.02924305835980994,-0.0003306993416377476,0.03769645520618984,-0.03267754424871683,-0.0025955140590667725,0.07674711091177804,-0.03838081681278739,-0.0021594337054661344,0.07204407453536987,-0.0344499453048362,-0.0011512041091918945,0.060208218438284736,-0.031025583690591878,A
0.0,0.0,0.0,-0.0015211887657642365,-0.032293349504470825,-0.0011756289536371395,-0.0029654987156391144,-0.06733999028801918,-0.003269986242661768,-0.0039031952619552612,-0.09813142940402031,-0.005249016802257908,-0.005135968327522278,-0.1209588535130024,-0.007292237984505998,-0.007181279361248016,-0.08569353818893433,-0.008362798617303421,-0.008216921240091324,-0.13500561192631721,-0.013493653856561802,-0.006952296942472458,-0.15782754495739937,-0.015971972563851675,-0.005773678421974182,-0.17344706878066063,-0.017079706595244867,-0.007412489503622055,-0.08191930875182152,-0.01029255712680803,-0.0090431347489357,-0.13479963317513466,-0.015134247078525884,-0.00813433900475502,-0.1623229868710041,-0.01774866954699443,-0.006828173995018005,-0.1805516816675663,-0.01934826042313413,-0.006374269723892212,-0.07341782376170158,-0.011914163537289066,-0.00793284922838211,-0.11818070709705353,-0.015896113648044927,-0.0069018080830574036,-0.14178899303078651,-0.017713594425435228,-0.005513496696949005,-0.15793237835168839,-0.01885109505426423,-0.003966987133026123,-0.06181034445762634,-0.013354886847513778,-0.004391811788082123,-0.09150659292936325,-0.01636927010301785,-0.003233533352613449,-0.10856747627258301,-0.016776006960275633,-0.0019999220967292786,-0.12165481224656105,-0.016707531933638317,A
0.0,0.0,0.0,0.018049607674280804,-0.01724088688691457,-0.008859116257653751,0.03422106305758158,-0.03604361414909363,-0.017549761477411902,0.04425370693206787,-0.05158857007821401,-0.025346367526353514,0.049650231997172035,-0.06310323377450307,-0.032359832183322425,0.017213399211565655,-0.07137162983417511,-0.02413231218189112,0.03498689830303192,-0.07494441171487172,-0.038025445521673674,0.04450137913227081,-0.05028360585371653,-0.04365062673221143,0.04913143813610077,-0.029956435163815815,-0.04577018652687581,0.0065155824025472,-0.06410476565361023,-0.026010346505345023,0.026397059361139934,-0.06584052741527557,-0.04085843969712766,0.03609147667884827,-0.03728728493054708,-0.04359560171097628,0.040932501355806984,-0.015132332841555277,-0.04360548087040694,-0.002543911337852478,-0.05092613399028778,-0.028233879152239478,0.01729207734266917,-0.04709123075008392,-0.04235280419965696,0.026976053913434345,-0.019781639178593952,-0.04145813506672891,0.03231990337371826,-0.0007957120736440023,-0.03850388300250085,-0.009862467646598816,-0.03440260887145996,-0.030817551755210875,0.004285504420598348,-0.02659893035888672,-0.04016159651756398,0.012069697181383768,-0.008689398566881815,-0.03935863440811745,0.016514956951141357,0.0035348484913508096,-0.0373006123734525,A
0.0,0.0,0.0,2.154707908630371e-05,0.0013414621353149414,-0.017204740873614656,-0.0007008991458199241,0.0011022632772272284,-0.029136671118938272,-0.00398531285199252,0.007778782736171375,-0.03828313924015803,-0.008816272020339966,0.015551149845123291,-0.04739095247925563,-0.004521001469005238,-0.025079411539164456,-0.034144345443857145,-0.0058454112573103475,-0.026359063657847317,-0.048955072506407606,-0.005660612474788319,-0.027179250662977047,-0.05789928606608932,-0.00614835186438127,-0.02576107531785965,-0.06344402507945776,-0.003169379451058128,-0.023576359857212414,-0.03174560917692986,-0.002841142090884122,-0.017772046002474697,-0.04771756544352813,-0.0022553530606356535,-0.00937911868095398,-0.05403043831934864,-0.0035522634332830257,-0.0033741891384124756,-0.0577065678243869,-0.0017054649916562166,-0.016443153673952274,-0.029864546615791753,-7.214600389653987e-05,-0.009890271858735518,-0.04500087632695263,0.0008750205690210515,-0.001524436202916232,-0.04805089239690672,-0.0009340968998995694,0.004249803044579246,-0.048616547926405775,-0.000248640775680542,-0.006560998884114352,-0.02887889944507198,0.0018695186484943736,-0.0015820427374406295,-0.040158974965010336,0.0034093585881319914,0.001981816508553245,-0.04235590091126767,0.00238822265104814,0.004296118562871759,-0.04324625900844162,A
0.0,0.0,0.0,0.015106454491615295,-0.01679520805676778,-0.008269122244312754,0.02302143971125285,-0.03678315877914429,-0.013909520412007362,0.024764681855837505,-0.0505748987197876,-0.019196203197185586,0.026095519463221233,-0.061044285694758095,-0.02484163190376698,0.008111551403999329,-0.076901376247406,-0.01100631169337222,0.008492822448412577,-0.11299705505371094,-0.01822478974686999,0.008373677730560303,-0.13556092977523804,-0.023451649880180152,0.0076001038153966265,-0.1555326779683431,-0.027116772083709034,-0.006477152307828267,-0.07589589556058247,-0.011537165211657078,-0.010222221414248148,-0.11254083116849263,-0.019482372857773694,-0.012467533349990845,-0.12420751651128133,-0.023843237029531988,-0.01418672502040863,-0.1340413292249044,-0.02603395887168188,-0.019043058156967163,-0.06637108325958252,-0.012799653055289776,-0.028073281049728394,-0.09449056784311931,-0.020621247420230897,-0.03172567983468374,-0.10212047894795735,-0.023570282681057247,-0.03390123943487803,-0.1093480388323466,-0.024416812681426,-0.02887226641178131,-0.050917744636535645,-0.01463233305590291,-0.037338348726431526,-0.07123817006746928,-0.02035233113121926,-0.039861838022867836,-0.07688724994659424,-0.021189673634389432,-0.04077279816071192,-0.08224078019460042,-0.020983139194070688,A
0.0,0.0,0.0,0.0013108491897583009,-0.00746690034866333,-0.0053333425472279926,0.005125552415847778,-0.005693560838699341,-0.012330104577985956,0.008467155694961547,0.002718102931976318,-0.0189126081575429,0.00909317135810852,0.01263648271560669,-0.025552549753037647,0.0013656437397003174,-0.03145729899406433,-0.01971147822186108,0.004000473022460938,-0.039122378826141356,-0.030055743250695422,0.006457853317260742,-0.047245895862579344,-0.03616184273704644,0.008258473873138428,-0.054584968090057376,-0.040337057951537324,0.0012892305850982666,-0.020982187986373902,-0.02207711765512581,0.011847728490829467,0.002993744611740112,-0.0336267901395237,0.014176118373870849,0.013456380367279053,-0.03654131086513157,0.014384818077087403,0.01595497727394104,-0.03788962753459568,0.0021304965019226076,-0.005243813991546631,-0.02424204962298031,0.013742399215698243,0.0230316162109375,-0.03367130549594517,0.013093996047973632,0.029198765754699707,-0.03203423077210541,0.010641974210739136,0.027977967262268068,-0.030296991187778666,0.003855609893798828,0.010909879207611084,-0.02674301469668503,0.01254526972770691,0.031727159023284913,-0.03288588726863022,0.010733801126480102,0.036605560779571535,-0.031414225492325976,0.007330840826034546,0.03598085641860962,-0.029883287269321636,A
0.0,0.0,0.0,-0.005193606019020081,-0.023739784955978394,-0.0010127780452469832,-0.012679601709047953,-0.024633854627609253,-0.005366706892441749,-0.01833076775074005,-0.010353217522303263,-0.00923423630268975,-0.02233331898848216,0.006431798140207927,-0.013014672577906191,-0.014000256856282553,-0.02549925446510315,-0.01706913418375307,-0.027527873714764912,-0.006685902674992879,-0.023551986185737988,-0.02724740405877431,0.00047892332077026367,-0.024652866822882036,-0.02354291578133901,0.004573166370391846,-0.023675334389225682,-0.01505159338315328,0.0017030835151672363,-0.01857404995017105,-0.029378538330396015,0.018621404965718586,-0.023913834963518916,-0.02525615692138672,0.01996701955795288,-0.022197938157149693,-0.0183021475871404,0.02146350344022115,-0.020199038497386912,-0.016258950034777325,0.02699493368466695,-0.019130870798506876,-0.028692935903867085,0.03837814927101135,-0.02223880629914854,-0.02209356427192688,0.036148677269617714,-0.017699140688308617,-0.014376054207483927,0.03667526443799337,-0.014043186346594036,-0.017201026280721027,0.047413388888041176,-0.01948082441392396,-0.027067283789316814,0.05156245827674866,-0.020127287854034243,-0.021769389510154724,0.047494361797968544,-0.015469205974815825,-0.01469800372918447,0.04736115535100301,-0.011685704911031861,A
0.0,0.0,0.0,0.01098334789276123,-0.05328178405761719,-0.0014104311309164786,0.019291615486145018,-0.09721041321754456,-0.0057091964247046436,0.024712711572647095,-0.1328675329685211,-0.010905081064101907,0.02715151906013489,-0.1647389829158783,-0.01590967241920218,0.005915611982345581,-0.10164310932159423,-0.01047917840316579,0.025338131189346313,-0.1119891107082367,-0.019065608114597055,0.03688017725944519,-0.10702871084213257,-0.023954060704108927,0.041826552152633666,-0.10101430416107178,-0.02680750286219329,0.001494675874710083,-0.0781288504600525,-0.014582997125235054,0.02956281304359436,-0.07603224515914916,-0.022642390832897874,0.04223983883857727,-0.06689051389694214,-0.025313852455128582,0.04668342471122742,-0.05758546590805054,-0.027630428965330724,0.0004181981086730957,-0.05119448900222778,-0.018715543935668322,0.02862228751182556,-0.04807053804397583,-0.02574581979553834,0.03866634964942932,-0.04205857515335083,-0.02491763674899623,0.040900510549545285,-0.03627669811248779,-0.024231067644559446,0.0016176223754882813,-0.024526596069335938,-0.022981154297140094,0.02387070655822754,-0.02271380424499512,-0.02718700276001975,0.03036041259765625,-0.02135659456253052,-0.025819715794768782,0.030305260419845582,-0.019818174839019775,-0.02459805191740081,A
0.0,0.0,0.0,0.008188290255410331,-0.013804716723305839,-0.005759235588612656,0.016081069196973528,-0.03302445581981114,-0.011863497834963812,0.022780937807900564,-0.0438230037689209,-0.01854348769815089,0.030920207500457764,-0.051319352218082974,-0.025318336424329808,0.008461735078266688,-0.08384632212775094,-0.009634135973551798,0.015012089695249285,-0.11408535071781703,-0.02026706323697347,0.021450046982084,-0.12051568712506976,-0.028097980273932573,0.02674434014729091,-0.12156609977994647,-0.03296361386381338,0.003389209508895874,-0.08312796694891793,-0.012057508026693904,0.002417330230985369,-0.08524279935019356,-0.021817916356338278,0.0014686456748417445,-0.08075687714985438,-0.02569717782554066,0.001706016915185111,-0.0842422332082476,-0.027601435531774094,-0.0017441511154174805,-0.0695712651525225,-0.015484770511189032,-0.004357091018131801,-0.06738384280885969,-0.02394771564357231,-0.005973875522613525,-0.06768388407570976,-0.024493240103436724,-0.005782663822174072,-0.07589525835854667,-0.024045929995277455,-0.006790237767355782,-0.050038771969931464,-0.019584429534197208,-0.00950527616909572,-0.04419305494853428,-0.025592390465196044,-0.01138260109083993,-0.04298128400530134,-0.025177306912086195,-0.012051680258342199,-0.04821429082325527,-0.023909860440974078,A
0.0,0.0,0.0,0.010479609171549479,-0.0487967332204183,-0.002449279008036006,0.019064272443453472,-0.08654746909936269,-0.0077449449330166216,0.025574212272961933,-0.11298248171806335,-0.013622949799358372,0.02938145895799001,-0.13492985566457114,-0.019307779776078487,0.00626675287882487,-0.09831913808981578,-0.014242046170393152,0.025086288650830586,-0.10755703846613567,-0.02422865500284684,0.036087021231651306,-0.10120506087938945,-0.02937367981182426,0.04034517705440521,-0.09462395310401917,-0.03213719927316857,0.0010300676027933757,-0.07465548813343048,-0.018359080701281155,0.027090365688006084,-0.07143657902876537,-0.027881610097820086,0.039964680870374046,-0.05969636638959249,-0.03018307845650566,0.04519778986771902,-0.048329552014668785,-0.03173276809896978,-0.0009717394908269247,-0.04685667157173157,-0.02252644105192599,0.025098949670791626,-0.04111898938814799,-0.03087185257967266,0.036356801788012184,-0.03356244166692098,-0.029658376362631245,0.03997019430001577,-0.027153114477793377,-0.028219515154284263,-0.00039085249106089276,-0.01918474833170573,-0.026865220984900517,0.019319852193196613,-0.016218135754267376,-0.031905552340507036,0.02641148865222931,-0.01314683755238851,-0.030094212199707353,0.02760423719882965,-0.010212828715642294,-0.028224754503453298,A
0.0,0.0,0.0,0.014713010617664881,-0.009088431085859026,-0.012529032886526181,0.022504559585026333,-0.021299072674342563,-0.02108872227793057,0.02219938806125096,-0.0269636937550136,-0.02821911763289973,0.02169472404888698,-0.031137159892490933,-0.0349470464608156,0.008362940379551478,-0.06422596318381173,-0.017310792164044488,0.008530995675495692,-0.06516575813293457,-0.0276975945531979,0.008404033524649484,-0.06540771893092565,-0.034857442984589274,0.007697854723249163,-0.06988131999969482,-0.03934371775704599,-0.005844780376979283,-0.06472917113985334,-0.01601492818069009,-0.007338698421205793,-0.07024709667478289,-0.024666519818527126,-0.008206358977726527,-0.0770769715309143,-0.028989651090298146,-0.009788034217698234,-0.08635319130761283,-0.03191352913312378,-0.018117210694721768,-0.05676009825297764,-0.015816154939221252,-0.022045716643333435,-0.06003871134349278,-0.02328438203671977,-0.023292618138449534,-0.06577114548001971,-0.025472185823499922,-0.02520443711962019,-0.0746188759803772,-0.026628308646346608,-0.028165372354643687,-0.04267775160925729,-0.016759163682979965,-0.03305016245160784,-0.04391023942402431,-0.022415168433282822,-0.034080090267317634,-0.047931594508034844,-0.023721208778840923,-0.035513916185923984,-0.05545744725636074,-0.02429392306822515,A
0.0,0.0,0.0,0.01597117880980174,-0.01535835862159729,-0.011358519724515995,0.023996820052464802,-0.04030296206474304,-0.01794123372088663,0.02636397381623586,-0.06312393148740132,-0.02356914044693899,0.030211647351582844,-0.08340307076772054,-0.02874816102311802,0.00656910240650177,-0.0810219943523407,-0.012639648765581768,0.008449042836825052,-0.11277564366658528,-0.02319713544126145,0.009220123291015625,-0.11872431635856628,-0.030837090394405447,0.008223702510197958,-0.12143125136693318,-0.034880851414310854,-0.0070494165023167925,-0.08356735110282898,-0.011874427261708101,-0.010035812854766846,-0.12716439366340637,-0.01936002077560417,-0.012151869634787241,-0.15611831347147623,-0.024723726654060602,-0.015056759119033813,-0.18175416191418967,-0.028220332246529978,-0.01868172486623128,-0.07586205005645752,-0.012519365971543314,-0.026670359075069427,-0.1105349858601888,-0.019469146325198732,-0.03086996078491211,-0.1330887774626414,-0.023810336385178488,-0.03435830523570379,-0.1535379191239675,-0.026234336837140642,-0.028130280474821728,-0.06064596772193909,-0.014134128441669466,-0.03624986360470454,-0.08497237165768941,-0.018984568945077978,-0.04069220026334127,-0.10074729720751445,-0.020327963264294386,-0.0440395325422287,-0.11535919706026714,-0.02090168435773047,A
0.0,0.0,0.0,0.00476800799369812,-0.0015500187873840332,-0.0059026850532667655,0.007287949323654175,-0.008987128734588623,-0.012050484926991345,0.006878077983856201,-0.012753760814666748,-0.0180297716200279,0.005978542566299439,-0.012845063209533691,-0.024475512900941254,0.013302767276763916,-0.027427208423614503,-0.017821537764363172,0.0162240207195282,-0.03156343698501587,-0.02771168096511829,0.016101014614105225,-0.028935503959655762,-0.03429605613052118,0.015731114149093627,-0.025401043891906738,-0.038982536332301976,0.013893234729766845,-0.022966814041137696,-0.020346141015730977,0.017880013585090636,-0.025360703468322754,-0.03099117825328577,0.01881161332130432,-0.021951591968536376,-0.036257178921338354,0.020100846886634827,-0.01885807514190674,-0.04048495177700388,0.01305820643901825,-0.014081120491027832,-0.023034264906861068,0.016652801632881166,-0.016422033309936523,-0.03341437444611657,0.017615994811058043,-0.01488245725631714,-0.036872409158937816,0.018829730153083802,-0.014436697959899903,-0.0391116565704273,0.011441683769226075,-0.001995694637298584,-0.02603359470664728,0.013164466619491577,-0.0034083247184753416,-0.034568570801608446,0.014167451858520507,-0.00347062349319458,-0.037291083732240084,0.015586400032043457,-0.004677808284759522,-0.03935174184440839,A
0.0,0.0,0.0,-0.014169448188373021,0.0051307422774178645,-0.008271947900760182,-0.028544123683656965,0.018153650420052663,-0.011808452502620335,-0.040341511368751526,0.03415289095469883,-0.01373884126596771,-0.051222141299928935,0.046682187489100864,-0.01576335370460345,-0.02837993630341121,0.018227202551705495,-0.01076996118415233,-0.03729694868837084,0.04688279117856707,-0.014376018078461086,-0.04123041033744812,0.059012183121272495,-0.01751547241769285,-0.044269868305751255,0.06534538098743983,-0.020120531601826856,-0.02143561840057373,0.02509096690586635,-0.008742129129353174,-0.02869421456541334,0.06048858165740967,-0.011845433500990068,-0.02850001411778586,0.07212497506822858,-0.014743558279367226,-0.02731507590838841,0.0763549634388515,-0.017769942740506157,-0.014261232955115182,0.032114659036908834,-0.007040117317007917,-0.022117648805890764,0.06389789921896798,-0.011451425910789848,-0.02217743013586317,0.07271899495806013,-0.01353360913613631,-0.02190630989415305,0.07418635061808995,-0.015187245808803405,-0.008194272007261003,0.0378927333014352,-0.005807302940632412,-0.012306449668748038,0.06391897371837071,-0.010606691855134505,-0.012689088072095598,0.07127082347869873,-0.012258237442529423,-0.01298511028289795,0.07216563395091466,-0.013286981680292964,A
0.0,0.0,0.0,0.011012628674507141,-0.025523751974105835,-0.010060777662394807,0.010020936528841654,-0.05278278390566508,-0.01418249596973098,0.0045932332674662275,-0.07494685053825378,-0.01715422523339427,0.002559805909792582,-0.09412035346031189,-0.020236140202182895,-0.012339924772580465,-0.07308460275332133,-0.009916019439459708,-0.02045941601196925,-0.10401008526484172,-0.015667871734821166,-0.025942213833332062,-0.12339022755622864,-0.020016807682264215,-0.031106166541576385,-0.14019611477851868,-0.023205149383046592,-0.024122200906276703,-0.06654427448908488,-0.008339658231857783,-0.029634445905685425,-0.09396804372469585,-0.015704604726978506,-0.027365153034528095,-0.1061742107073466,-0.019779557447332508,-0.02596104145050049,-0.11641550560792287,-0.021693186764367784,-0.03301372627417246,-0.054245432217915855,-0.007730863219820823,-0.0419171079993248,-0.07573496301968892,-0.015802016101229555,-0.040756588180859886,-0.0842797060807546,-0.018762276127386457,-0.039813498655954994,-0.0923036237557729,-0.01936543865571257,-0.03955468535423279,-0.03855667511622111,-0.007807469662662214,-0.049604207277297974,-0.05430418252944946,-0.01438738765404087,-0.050397525231043495,-0.06092744072278341,-0.016010078104596204,-0.05037367840607961,-0.06747639179229736,-0.016110407758732254,A
0.0,0.0,0.0,0.015193790197372437,-0.005469405651092529,0.00212501523636206,0.032540977001190186,-0.006512439250946045,-0.0010336055784307518,0.046334052085876466,-0.0033606529235839845,-0.004736338906531046,0.05749562978744507,0.0014386177062988281,-0.009268986283876757,0.04162296056747437,-0.003956043720245361,-0.015219871922471383,0.06491466760635375,0.0034527659416198732,-0.024166831736528137,0.07838072180747986,0.009283328056335449,-0.02850087046537624,0.08901976943016052,0.015231597423553466,-0.03145924912680016,0.03957277536392212,0.0037096500396728515,-0.021199352237471204,0.06706444025039673,0.009692060947418212,-0.033462996537872415,0.08529737591743469,0.015426206588745116,-0.04038457045245991,0.10061200261116028,0.020376372337341308,-0.04490725876677857,0.034525543451309204,0.012750566005706787,-0.025995011198409655,0.05905605554580688,0.01931183338165283,-0.03733433013696299,0.0749687135219574,0.0255690336227417,-0.04342428514648304,0.08810877799987793,0.03002643585205078,-0.047037633824237444,0.027482104301452637,0.023323321342468263,-0.02977182375181542,0.04281423687934875,0.028878092765808105,-0.038764396253117187,0.05356544256210327,0.03243861198425293,-0.042904876488336186,0.06327192187309265,0.03413628339767456,-0.045732786449679,A
0.0,0.0,0.0,0.0031060874462127686,-0.027465902268886566,0.0018114997870881666,0.004778638482093811,-0.06240539252758026,0.002415470538487341,0.00584864616394043,-0.0938677042722702,0.00282108327986208,0.006856486201286316,-0.11936113983392715,0.0033755788532445763,-0.0017378255724906921,-0.10186442732810974,0.0005060184845362414,0.0023390427231788635,-0.14782294631004333,-0.0008757369472576215,0.006488919258117676,-0.17322899401187897,-0.001570402855925579,0.01028374582529068,-0.19278236106038094,-0.0016950222565199624,-0.00186070054769516,-0.1043536588549614,-0.001701353736628164,0.0063275620341300964,-0.15584063529968262,-0.0024200802075782235,0.014088116586208344,-0.18495726585388184,-0.003144703609343935,0.021610237658023834,-0.20616919919848442,-0.003468197690729369,-0.0008389651775360107,-0.09801694005727768,-0.0037384623941605355,0.009480297565460205,-0.14259561151266098,-0.004493658118356336,0.0185832679271698,-0.16519483923912048,-0.005243661733750571,0.02665175497531891,-0.18176444992423058,-0.0057414580736647736,0.0007866397500038147,-0.08513310551643372,-0.0055178123660724054,0.00845644623041153,-0.1170981153845787,-0.005436967629414369,0.014050081372261047,-0.13423682004213333,-0.004309849268231858,0.01912950724363327,-0.14744949340820312,-0.0031981723517517935,A
0.0,0.0,0.0,0.019967453820364817,-0.009915837219783239,-0.010464916772057822,0.03473178403718131,-0.02772106443132673,-0.017404899634402633,0.04469908135277884,-0.04245003632136753,-0.0240229337289747,0.049692047493798394,-0.0607339654650007,-0.029411219826748183,0.02327255266053336,-0.09226275341851371,-0.009589122501516303,0.036961261715207784,-0.11465568201882499,-0.023807850567871824,0.045229660613196235,-0.09628446613039289,-0.03432504430411422,0.04844743013381958,-0.07523395333971296,-0.03876139140553013,0.011046792779650007,-0.09910483871187482,-0.010119179996776648,0.01482823065349034,-0.1472892931529454,-0.018962501106748877,0.01891402687345232,-0.1778764341558729,-0.026230954599681562,0.022480500595910207,-0.2051109160695757,-0.030967721550574114,-0.0010755317551749094,-0.09312347854886736,-0.01251005763984457,-0.000495978764125279,-0.13246688672474452,-0.020200899250487785,0.0025029565606798443,-0.15693352052143641,-0.025088678813920344,0.005920554910387311,-0.1803072988986969,-0.027541612509087647,-0.012773292405264718,-0.07752078771591187,-0.0158771324716326,-0.01375172393662589,-0.10415366717747279,-0.019426348138183207,-0.01308164426258632,-0.12322900124958583,-0.018966482554411104,-0.011042756693703788,-0.1421107734952654,-0.01816340858647106,A
0.0,0.0,0.0,0.00033632417519887287,-0.019007285435994465,-0.008379245976479396,-9.074186285336812e-05,-0.04748109852274259,-0.012299363874081815,-0.0006814313431580862,-0.07663218056162198,-0.015074153499094209,0.00015177453557650247,-0.10020433428386848,-0.017675793513081794,-0.0019962874551614127,-0.06958156575759251,-0.0076184386748242945,-0.0033379954596360526,-0.10363231413066387,-0.011896365840403655,-0.004237622022628784,-0.12286085387070973,-0.015491513878988394,-0.005091386536757152,-0.1377224257836739,-0.017970583197106278,-0.002369314432144165,-0.0718186025818189,-0.006029794234383212,-0.0032042389114697776,-0.1077698344985644,-0.009068680278809879,-0.004370058576265971,-0.12892894881467024,-0.012802950518078152,-0.005299704149365425,-0.14471528306603432,-0.01581567787961924,-0.003240194171667099,-0.06857958808541298,-0.005205124317521366,-0.0036998502910137177,-0.09873369708657265,-0.008346963154024426,-0.004635891566673915,-0.11778801493346691,-0.011889313531174617,-0.005034161110719045,-0.13252156662444273,-0.014594268146357559,-0.004082133372624715,-0.06084646532932917,-0.00497099166793095,-0.003866699834664663,-0.08204191364347935,-0.007393007471486597,-0.004315445199608803,-0.09592724901934464,-0.008861632429944644,-0.0045854610701402026,-0.10690585648020108,-0.00992675634352147,A
0.0,0.0,0.0,0.00694584846496582,-0.03338903188705444,-0.015239083953607254,0.002141311764717102,-0.061122000217437744,-0.020969395417504682,-0.005638505021731059,-0.07577769954999287,-0.02518162182572799,-0.010913796722888947,-0.08607347806294759,-0.028844426122589084,-0.022889678676923115,-0.0768070916334788,-0.009489709092709594,-0.03479194641113281,-0.10360299547513326,-0.015504549653674834,-0.043024271726608276,-0.11930262049039204,-0.019256525875164243,-0.05017842849095663,-0.13320961594581604,-0.021556705749067834,-0.0330338329076767,-0.06422003110249837,-0.006887916415792006,-0.05058285345633825,-0.09465391437212627,-0.014374429251783264,-0.06248713284730911,-0.11527356505393982,-0.02000688114244061,-0.0731031522154808,-0.13235366841157278,-0.023089178729586973,-0.03944416344165802,-0.04664360483487447,-0.0061541562981612214,-0.053122190137704216,-0.06509199738502502,-0.017728706325499388,-0.04838051895300547,-0.07041120529174805,-0.023535416508498958,-0.04554514090220133,-0.076855073372523,-0.024671620891524526,-0.04389352351427078,-0.027816792329152424,-0.006463388881741139,-0.05520407358805338,-0.04144084453582764,-0.016297160190314724,-0.052751265466213226,-0.04795412222544352,-0.020194169840560033,-0.050965145230293274,-0.05476297934850057,-0.021409280800355646,A
0.0,0.0,0.0,0.00016737835747855051,-0.041301650660378594,-0.004089706635348023,0.004937533821378436,-0.07312739746911186,-0.009529300507802572,0.01245038424219404,-0.09559246471949986,-0.014050297330778148,0.019088527985981533,-0.11198873179299491,-0.019375767450492885,0.010863244533538818,-0.05772574458803449,-0.021702106268523584,0.013384210211890084,-0.07041523286274501,-0.03135991644458106,0.011856074844087874,-0.07723460878644671,-0.03613237227524024,0.010169437953404017,-0.08376982382365636,-0.038913320109493554,0.009272856371743339,-0.03253111668995449,-0.023990578708085155,0.00910581009728568,-0.050015926361083984,-0.03391211309414948,0.005677201918193272,-0.0623053993497576,-0.03805791974943722,0.0031651854515075684,-0.07158832890646798,-0.04122496172597424,0.006394032921109881,-0.008394139153616769,-0.025547883498062567,0.00529741815158299,-0.02350759506225586,-0.034634147529336544,0.0024528631142207553,-0.034617211137499125,-0.0374078366354433,0.001354353768484933,-0.04425223384584699,-0.039071644947178186,0.0034939987318856375,0.013254983084542411,-0.026807420379594556,0.0020721469606672016,0.004168433802468436,-0.033994311890677205,0.0005987286567687988,-0.0046779002462114605,-0.035520671093283544,-0.00045471957751682827,-0.01315986258643014,-0.03632013116375735,A
0.0,0.0,0.0,0.00016737835747855051,-0.041301650660378594,-0.004089706635348023,0.004937533821378436,-0.07312739746911186,-0.009529300507802572,0.01245038424219404,-0.09559246471949986,-0.014050297330778148,0.019088527985981533,-0.11198873179299491,-0.019375767450492885,0.010863244533538818,-0.05772574458803449,-0.021702106268523584,0.013384210211890084,-0.07041523286274501,-0.03135991644458106,0.011856074844087874,-0.07723460878644671,-0.03613237227524024,0.010169437953404017,-0.08376982382365636,-0.038913320109493554,0.009272856371743339,-0.03253111668995449,-0.023990578708085155,0.00910581009728568,-0.050015926361083984,-0.03391211309414948,0.005677201918193272,-0.0623053993497576,-0.03805791974943722,0.0031651854515075684,-0.07158832890646798,-0.04122496172597424,0.006394032921109881,-0.008394139153616769,-0.025547883498062567,0.00529741815158299,-0.02350759506225586,-0.034634147529336544,0.0024528631142207553,-0.034617211137499125,-0.0374078366354433,0.001354353768484933,-0.04425223384584699,-0.039071644947178186,0.0034939987318856375,0.013254983084542411,-0.026807420379594556,0.0020721469606672016,0.004168433802468436,-0.033994311890677205,0.0005987286567687988,-0.0046779002462114605,-0.035520671093283544,-0.00045471957751682827,-0.01315986258643014,-0.03632013116375735,A
0.0,0.0,0.0,0.0027519240975379944,-0.028072938323020935,-0.00991591487633059,0.005074426531791687,-0.04489317536354065,-0.017969055591095184,0.005680538713932037,-0.053315237164497375,-0.02342267627915362,0.005675002932548523,-0.059065528213977814,-0.0287051319851912,0.004837073385715485,-0.016009286046028137,-0.029002062302026843,0.005802266299724579,-0.014911271631717682,-0.03875825579831371,0.004875645041465759,-0.014428883790969849,-0.04211168761918316,0.004115693271160126,-0.0148400217294693,-0.04326078926766286,0.0033998116850852966,0.006569162011146545,-0.027241355996522998,0.005025811493396759,0.00771370530128479,-0.036985129374954795,0.004422321915626526,0.0060148537158966064,-0.03934406468266616,0.004327498376369476,0.0034592151641845703,-0.04046034466097126,0.0013845786452293396,0.023763760924339294,-0.02487446160608897,0.0035908371210098267,0.02599368989467621,-0.03308388895908365,0.003304407000541687,0.023857295513153076,-0.03497577018657694,0.0031596869230270386,0.020754411816596985,-0.0355165249443985,-0.00045271217823028564,0.03628283739089966,-0.02262801167177031,0.0004797130823135376,0.04000307619571686,-0.02817781854042778,0.0001261383295059204,0.039977818727493286,-0.029017718300167417,8.941441774368286e-05,0.03774099051952362,-0.0290420360639132,A
0.0,0.0,0.0,0.004082873463630676,-0.013840993245442709,-0.01399993973326256,0.01023337741692861,-0.028451701005299885,-0.026334347350911003,0.016957451899846394,-0.04138880968093872,-0.03590605702103744,0.019618362188339233,-0.05321240425109863,-0.04488389301897655,0.0005538960297902425,-0.024056345224380493,-0.03867937732340465,0.02120456099510193,-0.019948412974675495,-0.052021641121323604,0.026819124817848206,-0.016724586486816406,-0.0574309476574418,0.02738123635450999,-0.016672074794769287,-0.060528910866395336,-0.0009397566318511963,-0.012441406647364298,-0.03738619588168035,0.025297944744427998,-0.004994839429855347,-0.049211031904832225,0.028133342663447063,-0.00012185176213582356,-0.0494063116222776,0.026178841789563496,-0.0007107754548390707,-0.05058165374995838,-9.187559286753337e-05,-0.0013856589794158936,-0.03604966323675285,0.023905088504155476,0.004163583119710286,-0.04647751632930408,0.02657836675643921,0.006193608045578003,-0.04434071247628898,0.025139262278874714,0.0050797561804453535,-0.043302518773591224,0.002270569403966268,0.008478909730911255,-0.03564118919125766,0.015984227259953816,0.011061658461888632,-0.043791641939198676,0.016560181975364685,0.008676926294962565,-0.04409244360875656,0.014742016792297363,0.005880107482274373,-0.04457800943256984,A
0.0,0.0,0.0,0.0039676278829574585,-0.03716348111629486,-0.002236337002355112,0.014398773511250814,-0.062453826268514,-0.0071730089636868515,0.02665709952513377,-0.07304681837558746,-0.012299252663416915,0.03738159934679667,-0.07471378644307454,-0.017362922477679454,0.01368512213230133,-0.08168424169222514,-0.014022665611611806,0.0334693988164266,-0.09976226091384888,-0.02101330114636024,0.04674980044364929,-0.10149951775868733,-0.023970888858804607,0.05402372280756632,-0.09954371054967244,-0.025475863065714144,0.018310124675432842,-0.06939563155174255,-0.016964600372116518,0.045194690426190696,-0.07190826535224915,-0.02453997752950136,0.0553019642829895,-0.059970930218696594,-0.02611987194697137,0.057317440708478294,-0.04979576667149862,-0.026424867284472537,0.023359765609105427,-0.05138834317525228,-0.019508784529275697,0.04682600498199463,-0.05056758224964142,-0.02569416053700646,0.054534087578455605,-0.042754550774892174,-0.025036393945248925,0.05523073176542918,-0.035755773385365806,-0.023745130019095544,0.027496084570884705,-0.032108222444852196,-0.022043670730498437,0.04481057822704315,-0.03313344717025757,-0.02482169824759861,0.050796300172805786,-0.030811429023742676,-0.02289502156695426,0.051768178741137184,-0.02779520054658254,-0.020916590359515947,A
0.0,0.0,0.0,0.0044610872864723206,-0.03926696628332138,0.00022601444283720795,0.008728809654712677,-0.07244334369897842,-0.004617594295318828,0.012840382754802704,-0.09557618200778961,-0.010289192661780522,0.015913225710392,-0.11679390072822571,-0.016762242648888037,0.0034204721450805664,-0.08257883787155151,-0.01636678678556125,0.014348968863487244,-0.11164213716983795,-0.028751192145187066,0.02043897658586502,-0.1267484799027443,-0.03713941713436286,0.025138400495052338,-0.13972819596529007,-0.04328964231177013,0.002148665487766266,-0.06734724342823029,-0.02380050671859424,0.015483222901821136,-0.09888074547052383,-0.037807558659601614,0.021832004189491272,-0.11471650004386902,-0.046538626771557734,0.027145132422447205,-0.12947828322649002,-0.053415847007322714,0.0025232210755348206,-0.04614821821451187,-0.03089260402708094,0.015363425016403198,-0.06932349503040314,-0.044723213181037114,0.021369293332099915,-0.08069748431444168,-0.05209245346127789,0.026107653975486755,-0.09081826359033585,-0.057429176751661704,0.004567965865135193,-0.02118770033121109,-0.03742315218192305,0.01090170443058014,-0.03093135356903076,-0.04898265038723837,0.013970352709293365,-0.03791040927171707,-0.054500693102504716,0.016687706112861633,-0.04549986124038696,-0.058973696894149885,A
0.0,0.0,0.0,0.015812052147729055,-0.022395082882472446,-0.009015143765900291,0.02279606887272426,-0.052242049149104526,-0.014004926845928927,0.025070995092391968,-0.0803808059011187,-0.018211097839120782,0.03053422910826547,-0.10420973811830793,-0.022595551912771277,0.004677116870880127,-0.07616089923041207,-0.01196120704334496,0.004816783326012748,-0.11057192087173462,-0.019667922369569015,0.005042838198798043,-0.1318554026739938,-0.024938517898818752,0.004511539425168719,-0.15140230740819657,-0.028504685083103505,-0.008304574659892492,-0.07544024501528059,-0.011926147138931396,-0.00933171170098441,-0.10948176894869123,-0.019659909270137024,-0.01008086119379316,-0.12848242691584996,-0.024235700639728464,-0.01133386152131217,-0.14644741586276463,-0.02719532058118444,-0.01962935073035104,-0.06631906543459211,-0.012764813361920955,-0.024151980876922607,-0.09486562865121025,-0.020781620788220323,-0.025588848761149814,-0.1109100069318499,-0.024307478202738406,-0.026335699217660085,-0.1263521909713745,-0.02607373306204965,-0.029128049101148332,-0.05113038846424648,-0.014255622784439481,-0.03829475385802133,-0.07217151778084892,-0.021098132095664215,-0.04347252420016697,-0.08734628983906337,-0.02364874815777743,-0.04734249413013458,-0.10259475026811872,-0.025005983438308226,A
0.0,0.0,0.0,0.01337026059627533,-0.014248579740524292,-0.010692864251421389,0.017661477128664654,-0.03639937440554301,-0.016422990382126468,0.015283947189648947,-0.055891881386439,-0.021358546628715096,0.01402131716410319,-0.07235489288965861,-0.0259659547809874,-0.0013392021258672078,-0.0736207664012909,-0.010990140671008822,-0.0048891156911849976,-0.10167652368545532,-0.01905399241028875,-0.006065825621287028,-0.11280875404675801,-0.02415464537383268,-0.007340952754020691,-0.12436523040135701,-0.027228835797967015,-0.014123002688090006,-0.07559395829836528,-0.010114544325916963,-0.01879159112771352,-0.1073659360408783,-0.018677890749436116,-0.019074320793151855,-0.11667164166768391,-0.022919038293671107,-0.019303272167841595,-0.1279630810022354,-0.024861761972716945,-0.024822538097699482,-0.06947067379951477,-0.010528942165063318,-0.03343130648136139,-0.09668392936388652,-0.01957047542722175,-0.03525516390800476,-0.10268538196881612,-0.02283596726920356,-0.036037628849347435,-0.11035682757695515,-0.023497250845443702,-0.03335903584957123,-0.057588130235672,-0.01170282882958551,-0.042349472641944885,-0.08054990569750468,-0.018326579420925675,-0.04703586051861445,-0.09167369206746419,-0.02040956353933761,-0.05036346366008123,-0.10331880052884419,-0.021040915805013476,A
0.0,0.0,0.0,0.006698456406593323,-0.022549527883529662,-0.011322270619257325,0.0100508451461792,-0.05027971267700195,-0.019060065987559938,0.01009625792503357,-0.06789266467094421,-0.025722393609157734,0.007532590627670288,-0.07660496830940247,-0.03226726262973898,-0.001610243320465088,-0.07999714016914368,-0.019715930038637454,-0.0005944252014160156,-0.11657140254974366,-0.030399776652029687,-0.0005915641784667968,-0.13845779299736022,-0.03668350179823392,-0.001627451181411743,-0.15730693340301513,-0.04059937152223938,-0.00929834246635437,-0.07690011262893677,-0.019288895168847374,-0.0038662344217300416,-0.10135025382041932,-0.03170906811164968,-0.0015574216842651368,-0.10637868642807007,-0.03763869649874323,-0.0014761120080947876,-0.11010298728942872,-0.040507270983925994,-0.014032220840454102,-0.06471871733665466,-0.019251873513258033,-0.008064550161361695,-0.06855202913284301,-0.03158696855562084,-0.0046741783618927,-0.04913839101791382,-0.03329905414166205,-0.0029963225126266478,-0.034664809703826904,-0.03203554948004239,-0.016830337047576905,-0.04918420910835266,-0.019859779655507736,-0.01316203773021698,-0.0504780113697052,-0.027571602008811168,-0.011439180374145508,-0.03748185634613037,-0.0270533296573376,-0.010766065120697022,-0.02663511037826538,-0.025213109125888877,A
0.0,0.0,0.0,0.00048679113388061523,-0.03935396671295166,-0.001949609322761603,0.008192121982574463,-0.06483393907546997,-0.004115273170461365,0.01654670834541321,-0.07771103382110596,-0.006194246299853034,0.02175741195678711,-0.09105634689331055,-0.008114209510674186,0.02452945113182068,-0.05375170707702637,-0.006060776412775226,0.02548062801361084,-0.07257934808731079,-0.009737486806986339,0.01733400821685791,-0.08093050718307496,-0.012764347247136243,0.009459489583969116,-0.08409475088119507,-0.015215861129397013,0.02696511149406433,-0.03282042741775513,-0.008254488157396623,0.027143877744674683,-0.05411199331283569,-0.012189749460955569,0.01856512427330017,-0.06334425210952759,-0.01626272706343741,0.010167855024337768,-0.0663906216621399,-0.020031886048670344,0.026678860187530518,-0.011777353286743165,-0.010322508234818884,0.029970443248748778,-0.031043291091918945,-0.01518318152083964,0.023488736152648924,-0.041963827610015866,-0.018223041687448926,0.016043448448181154,-0.047101187705993655,-0.020887787053649732,0.02502303719520569,0.009828424453735352,-0.012162676658769555,0.03506563305854797,0.0022916078567504885,-0.017600894412314005,0.03808591365814209,-0.0058384895324707035,-0.020137274610166855,0.0386516273021698,-0.012175071239471435,-0.022096632626195857,A
0.0,0.0,0.0,0.00860980749130249,-0.011709862947463989,-0.011637917420133804,0.011347198486328125,-0.03087816834449768,-0.01872796779801682,0.008265659213066101,-0.04769718050956726,-0.024448644512571248,0.005329650640487671,-0.06031782031059265,-0.02944966103253499,-0.0014634281396865845,-0.0648407518863678,-0.016839838845893594,-0.004485049843788147,-0.07544238567352295,-0.02632804767066226,-0.0026794493198394774,-0.07330832481384278,-0.03152968050283924,-0.0012640178203582764,-0.0742161214351654,-0.03409692743165031,-0.011367958784103394,-0.06472693085670471,-0.015339968411839423,-0.014832696318626404,-0.07647358775138854,-0.024697292925096904,-0.012537437677383422,-0.07603843808174134,-0.0284214465443565,-0.011090308427810669,-0.07922479212284088,-0.030173539885558043,-0.01932034194469452,-0.057468223571777347,-0.01478927672445387,-0.026143965125083924,-0.06855891942977906,-0.02378018298489586,-0.025395932793617248,-0.06721567511558532,-0.025778783721156273,-0.024361859261989593,-0.06852564215660095,-0.025737793979473268,-0.025639092922210692,-0.045778900384902954,-0.015031583843059693,-0.033599232137203214,-0.06513186097145081,-0.021325211881898197,-0.03859652578830719,-0.07832356095314026,-0.02295392374811307,-0.04268930554389953,-0.09040178656578064,-0.023332076010532533,A
0.0,0.0,0.0,0.015007024010022482,-0.014277825752894083,-0.009947487385015089,0.02145638068517049,-0.034470448891321816,-0.01640498808802704,0.02195306619008382,-0.04731708765029907,-0.022408574973856805,0.022792498270670574,-0.05872254570325216,-0.028590460617408553,0.005075852076212565,-0.07301941514015198,-0.013929197874233523,0.006515095631281535,-0.10911739865938823,-0.022226275409574708,0.007231041789054871,-0.13180462519327799,-0.027449899662599364,0.0072177449862162275,-0.1520412266254425,-0.03072522456354439,-0.010187695423762003,-0.07340807716051738,-0.014388980032568574,-0.015589286883672079,-0.11618017156918843,-0.023040386071121095,-0.019769633809725445,-0.14505470792452493,-0.028422018822595874,-0.023580690224965412,-0.1696673979361852,-0.03162303039090375,-0.022674595316251118,-0.06303522984186809,-0.015583853702063758,-0.030786141753196716,-0.08510491251945496,-0.025736649209325908,-0.032533228397369385,-0.08969676494598389,-0.029603967752620974,-0.033857243756453194,-0.09521945317586263,-0.03029696022377948,-0.032581200202306114,-0.04632351795832316,-0.01734402760149578,-0.04208530982335409,-0.061981519063313804,-0.024601466642385123,-0.04458195219437281,-0.06636308630307515,-0.02557309375362138,-0.04591143876314163,-0.0709263285001119,-0.025166214753255645,A
0.0,0.0,0.0,0.003082193434238434,-0.012399181723594666,-0.0119189151485104,0.0076561421155929565,-0.01644982397556305,-0.025212597920710955,0.009161435067653656,-0.017063617706298828,-0.03684672725308946,0.010814495384693146,-0.017939075827598572,-0.04845534556467346,0.013209812343120575,-0.008425354957580566,-0.03541891149167231,0.015113122761249542,0.007131695747375488,-0.04845820984725169,0.015251994132995605,0.010323435068130493,-0.055842530102620636,0.015130877494812012,0.012069150805473328,-0.06055346329618505,0.01247251033782959,0.00842350721359253,-0.0352568692799311,0.010291099548339844,0.04031488299369812,-0.0479939739491444,0.0080190971493721,0.051151275634765625,-0.05051907350231222,0.0056938305497169495,0.05900309979915619,-0.05227919028062633,0.01074276864528656,0.02368210256099701,-0.034546146755258356,0.010385848581790924,0.05012714862823486,-0.043533255466411624,0.007619999349117279,0.047083690762519836,-0.040631297164748226,0.00484592467546463,0.041285768151283264,-0.03865380783487371,0.009377002716064453,0.035769253969192505,-0.03477345232773832,0.011277616024017334,0.053685858845710754,-0.040210352399538074,0.008544713258743286,0.05137172341346741,-0.03717784921560696,0.0049830228090286255,0.04608561098575592,-0.034995847036282335,A
0.0,0.0,0.0,0.016146217783292133,-0.01347328225771586,-0.011122495981246297,0.02887214223543803,-0.0362952450911204,-0.01810000506757703,0.04021479686101278,-0.05290153622627258,-0.024664996926675304,0.05209266642729441,-0.06345772743225098,-0.031736718915095,0.008937239646911621,-0.07570619384447734,-0.01413594911713408,0.009762133161226908,-0.11215834816296895,-0.022324411933312877,0.009953240553538004,-0.13540448745091757,-0.028186610082477397,0.00958980123202006,-0.15592147906621298,-0.032277269092391,-0.006209264198939006,-0.07549409071604411,-0.013977772204518383,-0.010724266370137533,-0.10743671655654907,-0.022779262117733623,-0.013524482647577921,-0.1185595691204071,-0.02765675987024115,-0.015901724497477215,-0.12700733542442322,-0.030224132465511627,-0.018915454546610515,-0.06533944606781006,-0.014735886785825159,-0.0275797297557195,-0.0892624060312907,-0.023291157982935573,-0.03175904353459676,-0.09619757533073425,-0.026648724565595455,-0.03429026901721954,-0.10256210962931316,-0.02769471716353304,-0.028910736242930096,-0.049038857221603394,-0.016454591684977277,-0.03804728885491689,-0.06664144992828369,-0.02280314153898762,-0.04166596382856369,-0.07223726312319438,-0.02400360485135522,-0.04349693159262339,-0.07710829377174377,-0.023970011735647983,A
0.0,0.0,0.0,0.002461463212966919,-0.019944694307115342,-0.013850859419811061,0.0029908418655395508,-0.03878094752629598,-0.02488075233132471,0.00422574414147271,-0.04485304488076104,-0.03453213675118979,0.005299816528956096,-0.050060153007507324,-0.04431152628492146,-0.004081848594877455,-0.05208734671274821,-0.027559579610468572,-0.002201749218834771,-0.04150466786490546,-0.0409508926500628,-0.002914177046881782,-0.03551466597451104,-0.050062578328425644,-0.00374909241994222,-0.03248880306879679,-0.055772417899279086,-0.004404273298051622,-0.03842102156745063,-0.026783617991184155,0.003315865993499756,-0.011260920100741915,-0.038774198078090905,0.0064971215195126,-0.0020090209113227,-0.04328412826654807,0.008225772115919325,0.0011916359265645344,-0.046732079601594104,-0.0032977594269646537,-0.021676441033681233,-0.026518215685726827,0.0053443710009257,0.0006725920571221246,-0.03717635463473693,0.007679452498753865,0.004606379403008355,-0.03710619272421627,0.008869359890619913,0.0030341214603847927,-0.036570820079553416,-0.002063237958484226,-0.0054575734668307835,-0.027534204071238595,0.004608601331710815,0.009570923116472032,-0.035477429371385066,0.007314678695466783,0.011223104265001085,-0.034838029547341956,0.009019149674309624,0.009241912100050185,-0.03372800686671498,A
0.0,0.0,0.0,-0.001936350017786026,-0.000897534191608429,-0.0121182142370478,-0.005997899919748306,-0.0073255859315395355,-0.02152343073022596,-0.009490393102169037,-0.019484758377075195,-0.028978300766097823,-0.011555135250091553,-0.03351500630378723,-0.03655670678337149,-0.009471505880355835,-0.013009689748287201,-0.027869488597857275,-0.01336347684264183,-0.033888284116983414,-0.03950284656231336,-0.014707811176776886,-0.04957766458392143,-0.046049182322817364,-0.01525191217660904,-0.06319145858287811,-0.05026864308957986,-0.010403260588645935,-0.017909280955791473,-0.026958401800143042,-0.014461200684309006,-0.04039996489882469,-0.03973838199955455,-0.015248239040374756,-0.06028222665190697,-0.045807952546524325,-0.01561788097023964,-0.07708865962922573,-0.05007292402070991,-0.01045551523566246,-0.02101937308907509,-0.02593982291501991,-0.014053482562303543,-0.03846929967403412,-0.037590047131302276,-0.014522094279527664,-0.055295079946517944,-0.041445748667242446,-0.014337930828332901,-0.07001251727342606,-0.04349029392098121,-0.009569387882947922,-0.023144762963056564,-0.025412118780436435,-0.012210465967655182,-0.034303683787584305,-0.034191066185953536,-0.011956673115491867,-0.0433943048119545,-0.036626056787567654,-0.011378142982721329,-0.05263536795973778,-0.03803355458286635,A
0.0,0.0,0.0,0.018113529682159422,-0.010671138763427734,-0.006876027157399989,0.03758004903793335,-0.012169623374938964,-0.014330204428974725,0.05380226373672485,-0.0026764988899230955,-0.02087000388825331,0.0656258225440979,0.006373584270477295,-0.027812617497388458,0.026881277561187744,-0.029233288764953614,-0.02107907016003523,0.04175170660018921,-0.006552779674530029,-0.030651132428888415,0.04926942586898804,0.008563411235809327,-0.0362161767127553,0.05425338745117188,0.019633066654205323,-0.040013276452068425,0.01590571403503418,-0.021611881256103516,-0.02281966250563059,0.033057665824890135,0.004223918914794922,-0.03244301606142912,0.04144965410232544,0.021927833557128906,-0.0362191711010972,0.04711307287216186,0.03414028882980347,-0.03940062862062845,0.006235837936401367,-0.008757734298706054,-0.02448731608862076,0.022714066505432128,0.015585780143737793,-0.03345317062163744,0.03131248950958252,0.031780123710632324,-0.03534853611314688,0.037811219692230225,0.042663848400115965,-0.036600780153516865,-0.0013657808303833008,0.0067283034324645994,-0.026422490963582134,0.010777616500854492,0.02269824743270874,-0.03254517059946451,0.017389750480651854,0.031921660900115965,-0.03343967650258932,0.022797417640686036,0.03735696077346802,-0.034343574235085585,A
0.0,0.0,0.0,0.007226477066675822,-0.015492806831995646,-0.009833777911831968,0.009100154042243958,-0.036447604497273765,-0.015617839726800753,0.007072324554125468,-0.0507148007551829,-0.02048629356100662,0.007154295841852824,-0.06202259659767151,-0.025632941209271582,-0.0016293078660964966,-0.07581938306490581,-0.012492493926728798,-0.005037869016329448,-0.10615899165471394,-0.019973182746700974,-0.007822429140408834,-0.12005428473154704,-0.025188359651740672,-0.010349879662195841,-0.13230432073275247,-0.02874405659442895,-0.009761859973271688,-0.07747553785641988,-0.012591934323026521,-0.012943198283513388,-0.11356587211290996,-0.019672405019894274,-0.015150328477223715,-0.1320638656616211,-0.02457551522974673,-0.016957968473434448,-0.14973884324232736,-0.027717116799697312,-0.016841456294059753,-0.0688577691713969,-0.013688228526334001,-0.023621514439582825,-0.09722545742988586,-0.021921757498626942,-0.0269522691766421,-0.1130926509698232,-0.027477572717264327,-0.02901548147201538,-0.12847959995269775,-0.030652101507281298,-0.022370646397272747,-0.05379846692085266,-0.015270077047740452,-0.03249187767505646,-0.06794188419977824,-0.02245228524803622,-0.03699310123920441,-0.0713245968023936,-0.025158509036396975,-0.03932734578847885,-0.07522609829902649,-0.026580746641253466,A
0.0,0.0,0.0,0.009086646139621735,-0.03952006995677948,0.004133674155229583,0.02138368785381317,-0.06500408053398132,0.0032005247331763353,0.03185387700796127,-0.08324892818927765,0.0017948960440772321,0.04107006639242172,-0.09694047272205353,0.0006144221543873396,0.03390977531671524,-0.04905368387699127,-0.005516524412894741,0.054195210337638855,-0.05185943841934204,-0.005042258170658842,0.059770360589027405,-0.0496038943529129,-0.0023778912008201036,0.06147637218236923,-0.04887935519218445,-0.00037741106724564766,0.035374343395233154,-0.025121882557868958,-0.008899131776059166,0.05738478899002075,-0.028099074959754944,-0.007263052496353284,0.06316130608320236,-0.028600841760635376,-0.0039109623620678935,0.06438305974006653,-0.02804356813430786,-0.0022717863320285137,0.03483038395643234,-0.0008193105459213257,-0.011223190217504397,0.055848583579063416,-0.0037410855293273926,-0.009184468989485994,0.06178224831819534,-0.006448090076446533,-0.004961924089809999,0.06375645846128464,-0.007584527134895325,-0.003060166899456762,0.03295280784368515,0.023235037922859192,-0.013072050628477827,0.04964737594127655,0.021669715642929077,-0.011001277235562101,0.05440698564052582,0.017495974898338318,-0.006953178483752653,0.05586032569408417,0.013802170753479004,-0.004239976450560734,A
0.0,0.0,0.0,-0.018947887420654296,-0.015357017517089844,-0.007015359533627396,-0.03259170651435852,-0.04097295999526977,-0.013137090710599786,-0.04242432117462158,-0.06648611426353454,-0.018061139007707006,-0.055900752544403076,-0.08441787362098693,-0.023363841643233664,-0.026954710483551025,-0.02801685333251953,-0.022968843152423268,-0.029020947217941285,-0.055840039253234865,-0.033691560050149325,-0.02870754599571228,-0.06853201985359192,-0.03925277548064745,-0.02809873819351196,-0.07895024418830872,-0.04288950221766985,-0.012109392881393432,-0.02544525861740112,-0.02500731455316103,-0.014924383163452149,-0.05524759888648987,-0.03529100226392305,-0.015407449007034302,-0.07260797023773194,-0.03932003038157976,-0.015157538652420043,-0.08797959685325622,-0.042616837789912584,0.0036104023456573486,-0.022055292129516603,-0.026928568949599628,0.0015621423721313477,-0.04886296987533569,-0.03769625457157648,0.0016116738319396974,-0.06596497893333435,-0.04041875334610499,0.001568913459777832,-0.08250600695610047,-0.04211224870910204,0.019058030843734742,-0.017913198471069335,-0.028858601620097523,0.020448654890060425,-0.031959033012390135,-0.03894247966041124,0.0204933762550354,-0.04479627013206482,-0.041761137863297826,0.020445096492767333,-0.059515458345413205,-0.04358720699479139,A
0.0,0.0,0.0,0.014523367087046305,-0.013480901718139648,-0.009938913497703558,0.021299004554748535,-0.03138314684232076,-0.016737399878230974,0.019363199671109516,-0.04163611928621928,-0.022977540835367922,0.015555148323376974,-0.0488207737604777,-0.029264793055382654,0.007875959078470865,-0.07141207655270894,-0.01453141412474442,0.007423808177312215,-0.09788600603739421,-0.024246419259287205,0.007033035159111023,-0.11292282740275066,-0.03007595887494811,0.0060567061106363935,-0.12709969282150269,-0.033410199862845026,-0.0070544083913167315,-0.0727332631746928,-0.015115790324536249,-0.010728870828946432,-0.10436101754506429,-0.02489947242749461,-0.012332921226819357,-0.12312571207682292,-0.029425897580511656,-0.014050831397374472,-0.14119096597035727,-0.031404579003281675,-0.019469936688741047,-0.06336840987205505,-0.01659999207991092,-0.02693229417006175,-0.07444862524668376,-0.027272330852476045,-0.026624254882335663,-0.07396362225214641,-0.02975607937289008,-0.025748319923877716,-0.07828185955683391,-0.029163180484997515,-0.029275779922803242,-0.04750146468480428,-0.01875145836509991,-0.036805676917235054,-0.05426204204559326,-0.025968982783086385,-0.036413768927256264,-0.05483145515124003,-0.026102646509436056,-0.03500567624966303,-0.05898945530255636,-0.024857922091709856,A
0.0,0.0,0.0,0.013869696855545044,-0.0009615659713745117,-0.01176949056858625,0.026356148719787597,-0.00238875150680542,-0.023868499389537234,0.03137498497962952,0.005820345878601074,-0.03597889809931125,0.027234220504760744,0.015685689449310303,-0.04785923293853607,0.022334849834442137,-0.0659589409828186,-0.02151323377216663,0.027307701110839844,-0.09056969881057739,-0.03758558264995422,0.0305450439453125,-0.08256561756134033,-0.047096749460943596,0.03196089863777161,-0.06582016944885254,-0.05172415158773269,0.0050484657287597655,-0.06769334077835083,-0.022831021687634845,0.009843415021896363,-0.05563117265701294,-0.03963232046986427,0.013819456100463867,-0.020418012142181398,-0.04339630386854019,0.015544456243515015,0.0029061555862426756,-0.04318515217924919,-0.009146761894226075,-0.05571205615997314,-0.025471687010177036,-0.0036587119102478027,-0.03360236883163452,-0.03939274630571212,0.0019429862499237061,-0.006833195686340332,-0.03762367672348823,0.004938465356826782,0.005992579460144043,-0.033700991115220444,-0.019458079338073732,-0.03738003969192505,-0.02925971119726505,-0.013424807786941528,-0.0148368239402771,-0.03772220171118583,-0.007996809482574464,0.0037035107612609862,-0.03562171167755927,-0.004820030927658081,0.010697054862976074,-0.03213109492386188,A
0.0,0.0,0.0,0.010682785511016845,-0.051915097236633304,-0.0012593194550433394,0.018958359956741333,-0.09472916722297668,-0.005366397922539079,0.024154466390609742,-0.12891780734062194,-0.010213719907828534,0.026191741228103638,-0.15920482873916625,-0.014765055518277847,0.005289995670318603,-0.09836851954460143,-0.010831375041657054,0.02543104290962219,-0.10197167992591857,-0.01955983214420911,0.03801044821739197,-0.09308267235755921,-0.02447381638331052,0.04365436434745788,-0.08466852307319642,-0.027220640372165407,0.0008527696132659912,-0.07467069029808045,-0.014942837081530057,0.028611761331558228,-0.07280486822128296,-0.0229002973471367,0.041547709703445436,-0.06481301784515381,-0.025746200833150112,0.046756905317306516,-0.055708789825439455,-0.02818626188082334,-0.0003889799118041992,-0.04851210117340088,-0.0190097742189252,0.02729129195213318,-0.045591104030609134,-0.02605514572342571,0.037944406270980835,-0.03985836505889893,-0.02564782294785317,0.041318923234939575,-0.034295833110809325,-0.025210584833898507,0.000737994909286499,-0.022545230388641358,-0.023144350474380813,0.021852058172225953,-0.020304441452026367,-0.02711481516590055,0.028454548120498656,-0.019134140014648436,-0.025752218224720024,0.029386347532272337,-0.017229318618774414,-0.02458408031953212,A
0.0,0.0,0.0,0.01328093558549881,0.005276888608932495,-0.014160273185748196,0.020045984536409378,0.018285170197486877,-0.024184669306318796,0.018805377185344696,0.03873702883720398,-0.03181385079752985,0.014317281544208527,0.05886708199977875,-0.03914402814936224,0.003471158444881439,-0.008067145943641663,-0.0268118206260759,0.0055587030947208405,0.02425225079059601,-0.03705306368302885,0.009611766785383224,0.03934238851070404,-0.043009821496720946,0.012372195720672607,0.046170368790626526,-0.046591442715193665,-0.00908907875418663,-0.003968134522438049,-0.02357893407699052,-0.007274474948644638,0.03664369881153107,-0.031085309278036988,-0.0023491904139518738,0.04921272397041321,-0.03293036872875277,0.0014980696141719818,0.05176585912704468,-0.03500472957622591,-0.018044456839561462,0.004023954272270203,-0.0207138119114596,-0.01573333889245987,0.04104319214820862,-0.02692991605382744,-0.010574046522378922,0.050746992230415344,-0.026282155126150286,-0.007210992276668549,0.051341310143470764,-0.026163327678855097,-0.024203617125749588,0.01311570405960083,-0.01910114398580376,-0.022126056253910065,0.04230605065822601,-0.02368005009722296,-0.017738178372383118,0.050316303968429565,-0.023075075525607502,-0.014865100383758545,0.050803616642951965,-0.0225435678696293,A
0.0,0.0,0.0,0.017691588401794432,-0.01577451229095459,-0.014514396080680569,0.02506282925605774,-0.04362553358078003,-0.022346793508090455,0.025644409656524658,-0.07097896337509155,-0.02798562964604088,0.025830864906311035,-0.09503760337829589,-0.03332179358408638,0.00018614530563354492,-0.06434264183044433,-0.021357414845310528,-0.003334927558898926,-0.10073331594467164,-0.03028584962890335,-0.0012524724006652832,-0.11489679813385009,-0.03537182735458799,-0.0005280286073684693,-0.1212612509727478,-0.038325253335692366,-0.013387966156005859,-0.06224725246429443,-0.01799951246653535,-0.017385640740394594,-0.09994103908538818,-0.026771977750517807,-0.016292405128479005,-0.10903496742248535,-0.03172496112243124,-0.017348098754882812,-0.10928288698196412,-0.034786364829101045,-0.0229242742061615,-0.05538948774337769,-0.015356924428537866,-0.02754600942134857,-0.08697977066040039,-0.02346326487318464,-0.027045193314552306,-0.09376294612884521,-0.02773135958419033,-0.027717205882072448,-0.09291824102401733,-0.030049814863063774,-0.029208466410636902,-0.04531350135803223,-0.013649395105362316,-0.03472403287887573,-0.06944979429244995,-0.020587260762162884,-0.0349603533744812,-0.07811626195907592,-0.02397031860605665,-0.035589978098869324,-0.0806702971458435,-0.025880487376757345,A
0.0,0.0,0.0,-0.0016240105032920837,-0.01276841014623642,-0.011045620366641806,-0.0008276589214801788,-0.028496019542217255,-0.02069100959954273,0.0034769922494888306,-0.03974524140357971,-0.028750274604246506,0.008926576003432274,-0.04839153587818146,-0.036397430155486354,-0.007660137489438057,-0.05143251270055771,-0.02525861204514701,-0.005334455519914627,-0.07141803950071335,-0.036518802790962646,-0.007148837670683861,-0.07450316473841667,-0.04232061588583935,-0.010138863697648048,-0.07510805875062943,-0.04570739720395256,-0.007145805284380913,-0.05203200876712799,-0.024274028587680796,-0.0009447205811738968,-0.0696188360452652,-0.036188291310392806,0.00101393461227417,-0.06445357203483582,-0.039587321965083966,0.001525137573480606,-0.05722152441740036,-0.04097037207713772,-0.004813911393284798,-0.046234965324401855,-0.023555712175149957,0.004328181967139244,-0.05912899971008301,-0.0337413066710015,0.009761609137058258,-0.05164438486099243,-0.03462241780391384,0.013134203851222992,-0.0433635488152504,-0.033857926418133566,-0.0016754381358623505,-0.03706612437963486,-0.02344226809247818,0.003590395674109459,-0.04559902846813202,-0.030356178101212272,0.007072830572724342,-0.04340609163045883,-0.03126449689181943,0.009721305221319199,-0.039553120732307434,-0.031016555597600082,A
0.0,0.0,0.0,-0.00834258198738098,-0.024795520305633544,-0.002761084639860201,-0.02014305293560028,-0.039457404613494874,-0.007549552277123439,-0.02912118434906006,-0.05132074356079101,-0.012319942221438396,-0.03572721779346466,-0.06365584731101989,-0.017686016701554765,-0.02724531590938568,-0.03478473424911499,-0.016618982173895347,-0.03628766238689422,-0.053947937488555905,-0.028891175829267014,-0.04213611483573913,-0.06884192824363708,-0.03696088812539529,-0.04617545306682587,-0.08213831782341004,-0.04243593759128998,-0.02618382275104523,-0.026271533966064454,-0.02113757248262118,-0.036181163787841794,-0.04694219827651978,-0.03466459236333321,-0.04243978261947632,-0.06344698667526245,-0.04352616093347024,-0.047719502449035646,-0.07907270193099976,-0.04982296734342526,-0.02284820079803467,-0.016375505924224855,-0.025239158451950062,-0.030884641408920287,-0.03364871740341187,-0.037551742636060224,-0.035029301047325136,-0.04797568917274475,-0.04378577678689908,-0.038261300325393675,-0.06139862537384033,-0.04781105912516068,-0.017841643095016478,-0.006029951572418213,-0.02909608076552104,-0.02376435399055481,-0.015050780773162842,-0.039404838003611074,-0.027178952097892763,-0.024959468841552736,-0.04389008901307534,-0.03021039068698883,-0.03461275100708008,-0.04700855485389184,A
0.0,0.0,0.0,-0.008245387247630529,-0.03022564308983939,-0.002071746456902953,-0.011721312999725342,-0.05927896499633789,-0.002280296223837297,-0.013638836996895927,-0.08568074022020612,-0.0023041803238785163,-0.01697333369936262,-0.1051710375717708,-0.0019777059936235525,0.0031154070581708637,-0.06741874132837568,0.0017428269760811435,0.007506608963012695,-0.10172023517744881,0.002478927176112628,0.009340354374476842,-0.11842161842754909,0.0037243405508005723,0.01089726175580706,-0.13108776296888078,0.005188834655696846,0.010574975184031896,-0.060497058289391656,0.00290020774963397,0.01491358024733407,-0.0998688553060804,0.005480993873505773,0.01567407591002328,-0.12009490813527789,0.007744527224118209,0.016529589891433716,-0.13492255977221898,0.009711752580943969,0.015978740794318064,-0.05024749466351101,0.00357131600293416,0.01896783709526062,-0.08243761743818011,0.00544854213796242,0.018737482173102244,-0.09794752086911883,0.007244626594108183,0.018508979252406528,-0.10903148565973554,0.008806048960757096,0.019760859864098684,-0.038207296814237325,0.00403274051259623,0.02152082324028015,-0.060330454792295186,0.005890348104759572,0.021062216588429043,-0.07136954580034528,0.008316459418739644,0.02078178950718471,-0.07883819937705994,0.010532548918987012,A
0.0,0.0,0.0,0.007388457655906677,-0.009415104985237122,-0.009020132546036841,0.008805349469184875,-0.025165513157844543,-0.015318786443866195,0.008495308458805084,-0.034393057227134705,-0.02094921045722753,0.009736798703670502,-0.04314553737640381,-0.02695827274369389,-0.006806850433349609,-0.06085500121116638,-0.013718946904599072,-0.010185323655605316,-0.09290243685245514,-0.02137298749080241,-0.011924542486667633,-0.11473706364631653,-0.02690304391803533,-0.013901181519031525,-0.13384270668029785,-0.030748636180258693,-0.016609497368335724,-0.0648786872625351,-0.013807501595191063,-0.02150009572505951,-0.0896645188331604,-0.02199709538622141,-0.02361328899860382,-0.10240371525287628,-0.026333578580714168,-0.02557259052991867,-0.11538122594356537,-0.028684565050251187,-0.02360875904560089,-0.059522584080696106,-0.014579173827267589,-0.03192941099405289,-0.07868702709674835,-0.022336546282939018,-0.03534165769815445,-0.09142020344734192,-0.025333784937582315,-0.03793540969491005,-0.10551242530345917,-0.026416838586054148,-0.02819289267063141,-0.04874745011329651,-0.015958329381144942,-0.03686443716287613,-0.061239734292030334,-0.021613634841240348,-0.03970019146800041,-0.07034207880496979,-0.02248972626189083,-0.041344575583934784,-0.08157460391521454,-0.0223848511909166,A
0.0,0.0,0.0,-0.006484434008598328,-0.03548627098401388,-0.005088204484951693,-0.0052400628725687666,-0.07507763554652531,-0.008481680304951666,0.0013322383165359497,-0.10855320344368617,-0.01096869743775919,0.006018698215484619,-0.1355973556637764,-0.013089268280091085,0.006546492377916972,-0.09152210503816605,-0.009689428150862156,0.02195340891679128,-0.13333944603800774,-0.014647351700089573,0.0322226087252299,-0.15093490605552992,-0.01672127606771608,0.039447054266929626,-0.1623789556324482,-0.017377747267382542,0.015670984983444214,-0.0814207171400388,-0.01031748155556341,0.03064761559168498,-0.13072517017523447,-0.013538542500439732,0.039517104625701904,-0.15772294128934541,-0.01490399623287253,0.045727754632631935,-0.1764212648073832,-0.01577096206017181,0.023392270008722942,-0.06537109116713206,-0.011285708757325708,0.037334476908047996,-0.10666503260533015,-0.014781181764531581,0.045556495587031044,-0.1280148228009542,-0.015598454397186027,0.05161866048971812,-0.1437897669772307,-0.015888141318743127,0.030388673146565754,-0.045679969092210136,-0.012439018625663914,0.040480658411979675,-0.07454516490300496,-0.014901647320924027,0.046237980326016746,-0.09079663455486298,-0.014015675916234352,0.05084386964639028,-0.10334459692239761,-0.012917626228081383,A
0.0,0.0,0.0,0.010210689157247543,-0.0021418780088424683,-0.015337089298702367,0.016316549852490425,-0.0011160150170326233,-0.025927994971572943,0.019663214683532715,0.004949718713760376,-0.03408824220620055,0.022814488038420677,0.011251047253608704,-0.042276932497918196,0.0009754020720720291,-0.02965126931667328,-0.027674448549225517,-0.004140501841902733,-0.024540841579437256,-0.039384967520311065,-0.006764508783817291,-0.018419653177261353,-0.04652636299230117,-0.009267492219805717,-0.014661498367786407,-0.050708656537755914,-0.009944146499037743,-0.028107337653636932,-0.024605975009910352,-0.01651579700410366,-0.021621033549308777,-0.03412534353643615,-0.018158281221985817,-0.02195774018764496,-0.03757125010102946,-0.019744815304875374,-0.024988684803247452,-0.03989581797592301,-0.018860770389437675,-0.021015651524066925,-0.02215458905644674,-0.026627982035279274,-0.012332640588283539,-0.030275894900261946,-0.02888980135321617,-0.012561790645122528,-0.031738981011733,-0.030733631923794746,-0.01612069457769394,-0.032240006014182754,-0.025608353316783905,-0.010681405663490295,-0.02091022288747091,-0.03240560553967953,-0.002443931996822357,-0.02681800221413333,-0.034453097730875015,-0.001413099467754364,-0.02737567258387763,-0.03600047342479229,-0.00397133082151413,-0.02733548322081525,A
0.0,0.0,0.0,0.01322325070699056,-0.014138619105021158,-0.011097039185808436,0.016784608364105225,-0.034252782662709556,-0.017706490521973706,0.014023691415786743,-0.04693638285001119,-0.023346301413174803,0.011048972606658936,-0.05666116873423258,-0.029103830701705153,0.0002879003683725993,-0.07254467407862346,-0.015249729789516664,-0.0022482226292292276,-0.1066454549630483,-0.02382354850853119,-0.004013001918792725,-0.12800168991088867,-0.029138359330938595,-0.006442025303840637,-0.14789127310117087,-0.032583396350688076,-0.012355680267016092,-0.0742110013961792,-0.014939340309273538,-0.01514613131682078,-0.11729182799657185,-0.023636446268952227,-0.01710471014181773,-0.14603290955225626,-0.028838706292556065,-0.01928160587946574,-0.17241726318995157,-0.03189161320189271,-0.023020843664805096,-0.06551539897918701,-0.015510853159274992,-0.03134570022424062,-0.0869993766148885,-0.025555255757367945,-0.034564852714538574,-0.09314267834027608,-0.029723303637500937,-0.03654825439055761,-0.10142797231674194,-0.030807481237099903,-0.03161213298638662,-0.05046995480855306,-0.016758721411572235,-0.040220739940802254,-0.06329482793807983,-0.024109399656798775,-0.042545596758524575,-0.06784778833389282,-0.025745387744502562,-0.04407357921202978,-0.07372526327768962,-0.025990310835685666,A
0.0,0.0,0.0,0.014730046192804972,0.00010687112808227539,-0.009656226372335042,0.027656932671864826,0.0012853145599365234,-0.017771519364777888,0.029829998811086018,0.004275033871332805,-0.025273723948114796,0.025861576199531555,0.004745682080586751,-0.033061311069243836,0.025054762760798138,-0.02387761076291402,-0.019289652383564598,0.03403962651888529,-0.019140621026357014,-0.029647448520475312,0.041615650057792664,-0.0177157719930013,-0.035904957712306264,0.04734517137209574,-0.02092439929644267,-0.04000073340844481,0.011905218164126078,-0.028826693693796795,-0.019365511634065396,0.014864752689997355,-0.014562070369720459,-0.03157531574181088,0.01427436371644338,0.008578677972157797,-0.03494947911363213,0.013511319955190023,0.02014117439587911,-0.03601946351241438,-0.00035002827644348145,-0.028063674767812092,-0.019775009591121162,0.0021657546361287436,-0.015585770209630331,-0.030767055027796513,0.0030486236015955606,0.004818270603815715,-0.029098745390140696,0.003309294581413269,0.012924253940582275,-0.02624555672641961,-0.011765485008557638,-0.02345580856005351,-0.02079815180163948,-0.010643889506657919,-0.014223953088124594,-0.027887595616890675,-0.008898337682088217,-0.0016090869903564453,-0.025958719307545508,-0.007348567247390747,0.0027878284454345703,-0.0235133405787137,A
0.0,0.0,0.0,0.008684096591813224,-0.007645317486354283,-0.011804759996614678,0.011990191681044442,-0.02342479569571359,-0.018728638362476197,0.01143067330121994,-0.03702172211238316,-0.024400821649407028,0.009382231959274836,-0.04707472664969308,-0.02955123651966066,-0.002628103962966374,-0.05417988981519427,-0.015365732379993549,-0.008269225912434714,-0.07245487826211112,-0.024621957941583617,-0.010903245636395045,-0.06851607986858912,-0.030250426543414984,-0.013653402349778585,-0.06439503175871712,-0.03345350870789839,-0.012435560779912131,-0.05698181050164359,-0.013470447338955336,-0.020392937319619314,-0.07421640838895525,-0.022908897766381893,-0.02355641020195825,-0.06633222528866359,-0.02723022466718764,-0.026514944221292223,-0.061050555535725186,-0.029241713324632355,-0.02019221548523222,-0.05417185170309884,-0.01264067173330525,-0.02821365850312369,-0.06753373146057129,-0.021263236075444274,-0.03136765531131199,-0.05935791986329215,-0.02388516836327779,-0.03443342127970287,-0.053968233721596856,-0.024499322116711703,-0.026047513953277042,-0.04712141411645072,-0.01266218422041021,-0.0329683529479163,-0.05641558340617588,-0.01884977156489701,-0.03584970533847809,-0.05058587448937552,-0.020297295242884723,-0.03814960377556937,-0.04544814995356968,-0.020517241703949196,A
0.0,0.0,0.0,-0.00508955717086792,-0.02536659836769104,-0.007265542369182132,-0.003859633207321167,-0.04988416433334351,-0.013297533968775444,-0.0010769546031951904,-0.07334288954734802,-0.018314376662797206,-0.0013087987899780273,-0.09346311092376709,-0.02345627653723108,0.014379888772964478,-0.051430702209472656,-0.01588455210750448,0.024466943740844727,-0.07685618400573731,-0.022327506033084265,0.029670804738998413,-0.09167764186859131,-0.025696264536431902,0.033480846881866456,-0.10398156046867371,-0.027898983707032077,0.02353701591491699,-0.040780025720596316,-0.015558203452578656,0.034288161993026735,-0.06419093012809754,-0.021382451386502854,0.02900468111038208,-0.07828952670097351,-0.022976253138235682,0.022036820650100708,-0.08962812721729278,-0.02377804029112207,0.02898169755935669,-0.026754593849182128,-0.01521788789269971,0.03941771388053894,-0.046137213706970215,-0.020386592907211655,0.03551943302154541,-0.05847986936569214,-0.02088688600653308,0.02983194589614868,-0.06837043762207032,-0.0209354653920081,0.031980836391448976,-0.011862266063690185,-0.015154802057272664,0.039794701337814334,-0.024967432022094727,-0.018790985786667935,0.037776839733123777,-0.033943915367126466,-0.018451889130133115,0.03388998508453369,-0.041465538740158084,-0.017787915915519027,A
0.0,0.0,0.0,-0.019439920783042908,-0.01841314633687337,-0.004826578724403896,-0.031024744113286335,-0.04868339002132416,-0.00891010260043762,-0.03698911269505819,-0.0806029091278712,-0.012139687300555127,-0.044566785295804344,-0.10284743209679921,-0.015388389491992413,-0.02457869549592336,-0.058149452010790505,-0.014204323762767979,-0.032282352447509766,-0.09961043794949849,-0.020449828769286194,-0.03557675083478292,-0.12050895392894745,-0.023182676974579413,-0.03813316424687704,-0.13717180490493774,-0.024618405019759853,-0.013343587517738342,-0.05744817852973938,-0.015346799342167594,-0.02099550763765971,-0.09964380661646526,-0.021426893019323268,-0.025016610821088154,-0.1236661324898402,-0.02469361785478365,-0.02794434626897176,-0.14143877724806467,-0.026849048624952354,-0.002175028125445048,-0.05341304341952006,-0.01624696572300764,-0.007934197783470154,-0.0894559274117152,-0.02299375081734828,-0.011567925413449606,-0.11088375747203827,-0.026719945895691433,-0.014980400602022806,-0.1271765579779943,-0.028709626082847235,0.008778944611549377,-0.04789474109808604,-0.016953374904786267,0.0063441892464955645,-0.07146198054154713,-0.022481440358380195,0.004290928443272908,-0.08587266008059184,-0.02419883380012683,0.0018566201130549114,-0.09772257506847382,-0.024881351841509063,A
0.0,0.0,0.0,0.009904447942972183,-0.024780675768852234,-0.006663583665515116,0.015547513961791992,-0.048643581569194794,-0.012450798882939207,0.020185578614473343,-0.06555936112999916,-0.01791453582963376,0.025756042450666428,-0.0791238360106945,-0.023865677942823904,-6.574392318725586e-05,-0.05269424617290497,-0.016284768093912216,-0.002851691097021103,-0.07457715831696987,-0.025440292581053736,-0.0017626620829105377,-0.08713191375136375,-0.03192506896711356,0.0004997923970222473,-0.09861757978796959,-0.03643938180438644,-0.008042760193347931,-0.04350573942065239,-0.018163867675768497,-0.011038605123758316,-0.0658686850219965,-0.027046255333418312,-0.009882669895887375,-0.08175281994044781,-0.032325626382673445,-0.007495306432247162,-0.09483754821121693,-0.036708434842596116,-0.013654094189405441,-0.031144004315137863,-0.020219708126107516,-0.016979902982711792,-0.04922500252723694,-0.02924229487224883,-0.01639498397707939,-0.062404025346040726,-0.032618737811291876,-0.014161404222249985,-0.07358300127089024,-0.03501356815367407,-0.017320092767477036,-0.017685867846012115,-0.022693155597964587,-0.02066607028245926,-0.028265655040740967,-0.029961170427570405,-0.02024659514427185,-0.03714796155691147,-0.03182688475034601,-0.018536217510700226,-0.04526566341519356,-0.033337915813619556,A
0.0,0.0,0.0,-0.0023221969604492188,-0.031745797395706175,-0.0022892021201982083,-0.004467764496803283,-0.0660371333360672,-0.0053236085433012725,-0.006484627723693848,-0.09597362875938416,-0.007762893840015206,-0.010326334834098816,-0.11882108747959137,-0.010391060615700009,-0.004100370407104492,-0.07964589595794677,-0.012554090252422068,-0.005146458745002747,-0.13032926619052887,-0.018183389914963665,-0.005156382918357849,-0.15572014451026917,-0.020118683067892017,-0.00510159432888031,-0.17428689002990722,-0.02057349621671838,-0.004321777820587158,-0.0724215716123581,-0.013928277328420701,-0.006454333662986755,-0.1271801084280014,-0.019193150735270503,-0.007732424139976502,-0.1574613094329834,-0.020868309148397567,-0.008219638466835022,-0.1785309612751007,-0.021524513539668444,-0.004414600133895874,-0.06095562279224396,-0.014826918792721156,-0.006498396396636963,-0.10714283883571625,-0.019087308718633178,-0.007527238130569458,-0.13244270980358125,-0.020151767394315723,-0.007799646258354187,-0.15028794407844542,-0.020452862585705046,-0.003977778553962708,-0.04719796180725098,-0.01550636215023351,-0.005669978260993957,-0.07794155180454254,-0.01845476737133813,-0.005805552005767822,-0.09556942582130432,-0.018199689759683134,-0.005758354067802429,-0.10892490744590759,-0.017434779767688636,A
0.0,0.0,0.0,0.014748016993204752,-0.013758301734924316,-0.012383316431107572,0.024898623426755268,-0.03516205151875814,-0.02008098653074349,0.027097657322883606,-0.05240578452746073,-0.02684220790109282,0.028508514165878296,-0.06572459141413371,-0.03355412940051402,0.008581409851710001,-0.07394268115361531,-0.016026526942762187,0.008998041351636251,-0.10374443729718526,-0.02664632717014596,0.007971803347269693,-0.1191777487595876,-0.03385362240663414,0.0065208425124486285,-0.13113516569137573,-0.03833122406021997,-0.006925543149312337,-0.07396190365155537,-0.015299261024755687,-0.010599767168362936,-0.1066346565882365,-0.02585195371748254,-0.013032034039497375,-0.1193971832593282,-0.031238834782106133,-0.014743303259213766,-0.12904795010884604,-0.034039863172831586,-0.0196189284324646,-0.06518452366193135,-0.015826381064864448,-0.02745366096496582,-0.09134182333946228,-0.025950877093933473,-0.03134165207544962,-0.1002556284268697,-0.02956515622502809,-0.03331330915292104,-0.10806182026863098,-0.030690569528602014,-0.029642030596733093,-0.050144463777542114,-0.017323571665746423,-0.037942769626776375,-0.06687494119008382,-0.025245254181238463,-0.04152988642454147,-0.07416639725367229,-0.02765637211368725,-0.04311415056387583,-0.08144526680310567,-0.028427550977629872,A
0.0,0.0,0.0,-0.02546544075012207,-0.03512084484100342,-0.014525208833387282,-0.031978714466094973,-0.07772176265716553,-0.02365359880658069,-0.02423475980758667,-0.11104156970977783,-0.029485962657949116,-0.015387731790542602,-0.1281916916370392,-0.03452080406876483,-0.00355755090713501,-0.08806502819061279,-0.028068268824594254,-0.012487494945526123,-0.13423261046409607,-0.03479266041120717,-0.019056957960128785,-0.1336459517478943,-0.035990666343590404,-0.019217312335968018,-0.1278027653694153,-0.036532750657519486,0.01655982732772827,-0.08419787883758545,-0.02311175770754197,0.002220141887664795,-0.118163800239563,-0.030593727204708543,-0.008619105815887452,-0.10403791069984436,-0.03085928447706827,-0.009742820262908935,-0.08517425060272217,-0.03079229609737375,0.029172134399414063,-0.0761579692363739,-0.01787957719223776,0.015112948417663575,-0.10939315557479859,-0.024528990291750218,0.004241156578063965,-0.09690071940422058,-0.022045248073285607,0.002657926082611084,-0.07917050719261169,-0.019811720146557476,0.03650932312011719,-0.06789617538452149,-0.013287486253997472,0.025397169589996337,-0.09476464390754699,-0.01826666689174452,0.017155802249908446,-0.08750502467155456,-0.016284215894287614,0.016288208961486816,-0.07364330291748047,-0.013771735511712891,A
0.0,0.0,0.0,0.012809624274571737,-0.008146305878957113,-0.014868591250589628,0.021381373206774395,-0.022345821062723797,-0.02300412855705732,0.017338479558626812,-0.03365627924601237,-0.02954754043033832,0.009475648403167725,-0.04366199175516764,-0.03604633419127379,0.015416964888572693,-0.06826711694399516,-0.01704082370088611,0.020170668760935467,-0.10018431146939595,-0.02642214232098176,0.022963960965474445,-0.11899501085281372,-0.03257277852208529,0.02497682472070058,-0.13595688343048096,-0.036741189618022384,0.0038404514392217,-0.0736498733361562,-0.014171498787016809,0.0032683362563451133,-0.08405780792236328,-0.027626198986283084,0.0006048729022343954,-0.06706960995992024,-0.03344539517820988,-0.0009943991899490356,-0.0574508011341095,-0.035013162800780075,-0.006125037868817647,-0.06957655151685078,-0.012348757395258684,-0.006398672858874003,-0.069909006357193,-0.025793013122291503,-0.00629959503809611,-0.048961132764816284,-0.027511127873372176,-0.005880420406659444,-0.03784060478210449,-0.0254171030810586,-0.01482108732064565,-0.061338722705841064,-0.011425846526137132,-0.01708415647347768,-0.06244907776514689,-0.020825148985148607,-0.015323946873346964,-0.049792200326919556,-0.021009188880881807,-0.012680848439534506,-0.041692882776260376,-0.01879858004213486,A
0.0,0.0,0.0,-0.011936567723751068,-0.033252425491809845,-0.010526260760992834,-0.01483529806137085,-0.05947057157754898,-0.020491305963981965,-0.013494264334440231,-0.07933393865823746,-0.028344613317780265,-0.012933764606714249,-0.09281209856271744,-0.03653769054627798,0.000867791473865509,-0.049192823469638824,-0.03145466325050972,0.01038036122918129,-0.06913675367832184,-0.04304866815774755,0.014216568320989609,-0.0743919387459755,-0.04838836416430592,0.017510008066892624,-0.07899657636880875,-0.05153146175845347,0.012770935893058777,-0.029841631650924683,-0.03125782863181836,0.024119585752487183,-0.05185078829526901,-0.0423486345022992,0.029832206666469574,-0.060132257640361786,-0.047390462997749516,0.03459007292985916,-0.06643407791852951,-0.051482465401671895,0.022400639951229095,-0.00889170914888382,-0.030619167074941167,0.0325520783662796,-0.02540910243988037,-0.0408738463226781,0.03703663498163223,-0.032136060297489166,-0.045872686132237384,0.04053521901369095,-0.03960149735212326,-0.04957479662672437,0.030200093984603882,0.012412086129188538,-0.030002761682875523,0.03863140940666199,0.0065735504031181335,-0.03841877244823433,0.04175655543804169,0.0029087290167808533,-0.04203785448745645,0.04411102831363678,-0.002641327679157257,-0.044825814598620006,A
0.0,0.0,0.0,-0.011936567723751068,-0.033252425491809845,-0.010526260760992834,-0.01483529806137085,-0.05947057157754898,-0.020491305963981965,-0.013494264334440231,-0.07933393865823746,-0.028344613317780265,-0.012933764606714249,-0.09281209856271744,-0.03653769054627798,0.000867791473865509,-0.049192823469638824,-0.03145466325050972,0.01038036122918129,-0.06913675367832184,-0.04304866815774755,0.014216568320989609,-0.0743919387459755,-0.04838836416430592,0.017510008066892624,-0.07899657636880875,-0.05153146175845347,0.012770935893058777,-0.029841631650924683,-0.03125782863181836,0.024119585752487183,-0.05185078829526901,-0.0423486345022992,0.029832206666469574,-0.060132257640361786,-0.047390462997749516,0.03459007292985916,-0.06643407791852951,-0.051482465401671895,0.022400639951229095,-0.00889170914888382,-0.030619167074941167,0.0325520783662796,-0.02540910243988037,-0.0408738463226781,0.03703663498163223,-0.032136060297489166,-0.045872686132237384,0.04053521901369095,-0.03960149735212326,-0.04957479662672437,0.030200093984603882,0.012412086129188538,-0.030002761682875523,0.03863140940666199,0.0065735504031181335,-0.03841877244823433,0.04175655543804169,0.0029087290167808533,-0.04203785448745645,0.04411102831363678,-0.002641327679157257,-0.044825814598620006,A
0.0,0.0,0.0,0.005753695964813232,-0.03201107680797577,-0.011727957656844312,0.013520210981369019,-0.05404125154018402,-0.021696852248864973,0.02169717103242874,-0.0712006539106369,-0.029881470332625115,0.02819845825433731,-0.09112909436225891,-0.03812586884829661,0.007377296686172485,-0.026129618287086487,-0.028016835645544136,0.022751182317733765,-0.01684165745973587,-0.040063571146460975,0.03584536164999008,-0.00941377878189087,-0.04756081798929235,0.04739542305469513,-0.0012116581201553345,-0.05212097285199424,0.0050414130091667175,0.003107227385044098,-0.02763223690796157,0.023486554622650146,0.013797447085380554,-0.0398547937709417,0.04268573224544525,0.02510567009449005,-0.04533205876010915,0.058873794972896576,0.035659655928611755,-0.04956876436132451,0.004365876317024231,0.025520741939544678,-0.027168175167175734,0.021810084581375122,0.03682169318199158,-0.03918307503569385,0.04068039357662201,0.04587563872337341,-0.04244046142208835,0.05643218010663986,0.05341804027557373,-0.044015568176987374,0.0055833905935287476,0.04220080375671387,-0.027182707058968747,0.017097249627113342,0.05593891441822052,-0.0353188132483091,0.02864590287208557,0.06275628507137299,-0.03674138193834087,0.03870934247970581,0.06679868698120117,-0.037667276764991486,A
0.0,0.0,0.0,0.00797639787197113,-0.033036455512046814,-0.0066504890048828535,0.017917387187480927,-0.05503212660551071,-0.013494986407081466,0.027875281870365143,-0.06981480121612549,-0.0196790267430198,0.03687059134244919,-0.08410324901342392,-0.026043627708773,0.008121192455291748,-0.04212839901447296,-0.01950307150333641,0.021159730851650238,-0.03327244520187378,-0.030113013293216806,0.03320838510990143,-0.021988868713378906,-0.037196338008711916,0.0438724011182785,-0.010816976428031921,-0.04170648364312468,0.0030512288212776184,-0.017709672451019287,-0.021659019700805526,0.019250817596912384,-0.0015920624136924744,-0.0327546771798235,0.03736846148967743,0.014651589095592499,-0.037616416643927675,0.052553653717041016,0.028438985347747803,-0.04134144430942355,6.903707981109619e-05,0.004645437002182007,-0.023772612977395635,0.01573469489812851,0.02065916359424591,-0.035147873982409816,0.033459506928920746,0.03223465383052826,-0.03733065986968098,0.04810955375432968,0.04145550727844238,-0.03819636238701163,-0.00037554651498794556,0.02438203990459442,-0.02610007191039143,0.008392736315727234,0.040587231516838074,-0.034147486388306,0.01865144819021225,0.048234373331069946,-0.03478410590402303,0.027733638882637024,0.053110986948013306,-0.034942651930819135,A
0.0,0.0,0.0,0.00304604172706604,-0.0028682231903076174,-0.014350122784177622,0.007629412412643433,0.0002853989601135254,-0.02169112667944919,0.01286708116531372,0.009150254726409911,-0.026640781318216435,0.018805140256881715,0.018747156858444212,-0.031013230258046497,0.008801895380020141,0.02036644220352173,-0.015892652445851675,0.0175753653049469,0.03226799368858337,-0.02258451974522959,0.024086636304855347,0.03912153244018555,-0.02746952048075091,0.02982810139656067,0.04516105651855469,-0.030837281351356615,0.010731565952301025,0.025589454174041747,-0.011709534773050655,0.019809895753860475,0.03871925473213196,-0.01814805830401074,0.02704150080680847,0.04748015403747559,-0.023035451514093985,0.0338917076587677,0.05449322462081909,-0.026602585590823402,0.01239790916442871,0.028816413879394532,-0.008589019230945816,0.02049950361251831,0.04043625593185425,-0.014104442694603314,0.027103614807128907,0.04738158583641052,-0.017583129252686014,0.03297058343887329,0.05262134075164795,-0.01999610572858419,0.013748061656951905,0.030475181341171265,-0.006619074545248261,0.01991632580757141,0.038826006650924685,-0.010780996922782471,0.024608612060546875,0.044363653659820555,-0.012934187916486373,0.028850752115249633,0.04852036833763122,-0.014439942455298116,A
0.0,0.0,0.0,-0.0032477506569453646,-0.006875021117074149,-0.005255277933020862,-0.0052006372383662635,0.0004402228764125279,-0.01206562983573965,-0.0031724785055433,0.017239868640899658,-0.01836421336050696,0.002482320581163679,0.026660518986838206,-0.024578144361431496,-0.005880615540913173,-0.008366337844303675,-0.020503850241358177,-0.00270089932850429,0.0186674850327628,-0.029203406122679607,0.003695023911339896,0.01580258778163365,-0.03273636633533604,0.008383299623216902,0.007088908127376011,-0.03457904898431836,-0.0029830379145486014,0.0004353693553379604,-0.021928637009147472,0.0006181384835924421,0.0486270615032741,-0.030763923842493362,0.0005899327141898019,0.0488878743989127,-0.03108282439147939,-0.0010169957365308488,0.039808852331978936,-0.03115289843245428,0.0005237204687935966,0.013464008058820452,-0.023000657811262166,0.0035587549209594727,0.05812757355826242,-0.030473662127907173,0.0022984317370823453,0.05458263839994158,-0.027482143057809796,0.00046441810471670967,0.04297916378293719,-0.025052040402943985,0.004301807710102626,0.027070232800074985,-0.02432629238551368,0.006878976311002459,0.0575529762676784,-0.030000874626350642,0.007013218743460519,0.05401910202843802,-0.028151678839465788,0.006646701267787388,0.04439924444471087,-0.026170968530466965,A
0.0,0.0,0.0,0.0042532868683338165,-0.008328832685947418,-0.01024348502901029,0.006082732230424881,-0.022843748331069946,-0.018524488771023417,0.008070457726716995,-0.03357890993356705,-0.026379104225585426,0.012849181890487671,-0.04498029500246048,-0.034302818227248455,-0.0014026984572410583,-0.05614472180604935,-0.01709916208560225,-0.004090774804353714,-0.0818919688463211,-0.02899145694604721,-0.002226017415523529,-0.08641014993190765,-0.03697388606301155,-0.0007334612309932709,-0.08660206943750381,-0.041685913793431784,-0.005666110664606094,-0.05602620542049408,-0.01755181919938531,-0.010401077568531036,-0.06704658269882202,-0.029661389288181628,-0.008535709232091904,-0.0598728209733963,-0.03502477739161458,-0.006292358040809631,-0.056449197232723236,-0.03755475754073467,-0.00932498648762703,-0.048271872103214264,-0.019026517855623926,-0.015866227447986603,-0.05633431673049927,-0.02991463079738077,-0.015241105109453201,-0.05226513743400574,-0.03251437271169033,-0.013336602598428726,-0.05216052383184433,-0.03288634923441913,-0.01248139888048172,-0.03604314476251602,-0.02125166832624581,-0.019969046115875244,-0.03855860233306885,-0.02902785023829546,-0.021853048354387283,-0.03499356657266617,-0.030262837523283626,-0.021573740988969803,-0.03390113264322281,-0.03017849764941838,A
0.0,0.0,0.0,0.0184599111477534,-0.0013109246889750163,-0.00700592135540153,0.03869434197743734,0.007126967112223308,-0.016262100528257644,0.053566048542658486,0.023301223913828533,-0.023804474684052224,0.0644607941309611,0.03953889012336731,-0.03158101476724203,0.03576554854710897,-0.013677070538202921,-0.030926697018198723,0.05569148063659668,0.0039035876592000327,-0.043911970903428944,0.06729701161384583,0.023805826902389526,-0.05069961342955883,0.07485869526863098,0.040527025858561196,-0.054581958862595314,0.026878873507181805,-0.006369501352310181,-0.03269440780078625,0.04880352814992269,0.02483104666074117,-0.045119072683108406,0.060791194438934326,0.050160775581995644,-0.04847878968959307,0.06808339556058247,0.06837689876556396,-0.050722881592763024,0.01853791872660319,0.007193724314371745,-0.03388675401603436,0.03828856348991394,0.03877673546473185,-0.043644554664644154,0.05081095298131307,0.06067551175753275,-0.044267673417878704,0.058715492486953735,0.07602915167808533,-0.04438204107180491,0.01154970129330953,0.02424330512682597,-0.035189091289989705,0.02724566062291463,0.04691861073176066,-0.04093556546911851,0.03726328909397125,0.060440262158711754,-0.04076614190509176,0.044427176316579185,0.06960686047871907,-0.04067189175009981,A
0.0,0.0,0.0,0.015709673364957173,-0.014340062936147055,-0.010609226454145452,0.0221807062625885,-0.03544073303540548,-0.016713105915831267,0.020122403899828594,-0.04919625322024027,-0.022165826674646876,0.018077353636423748,-0.062054455280303955,-0.027764366626835606,0.00493436058362325,-0.0765267014503479,-0.013513436305743198,0.005091880758603414,-0.11361327767372131,-0.021840724315590403,0.005091577768325806,-0.1367874542872111,-0.027121290717370055,0.004330063859621684,-0.1573238174120585,-0.030408367357002437,-0.009777292609214783,-0.07838570078214009,-0.01345366099610601,-0.01209204395612081,-0.12213303645451863,-0.021357456064568698,-0.013910844922065735,-0.15062561631202698,-0.02627032436191712,-0.015807151794433594,-0.1756248672803243,-0.029128992151565097,-0.021954655647277832,-0.06890053550402324,-0.014388079131739081,-0.031007006764411926,-0.09248040119806926,-0.024000797263132274,-0.03470484415690104,-0.09757080674171448,-0.02824566807980015,-0.03690265864133835,-0.1039304534594218,-0.029369637212501704,-0.03189395864804586,-0.05202991763750712,-0.015980974613474547,-0.04159692178169886,-0.06739279627799988,-0.023430734094328425,-0.044701263308525085,-0.07180836796760559,-0.025215329134312015,-0.04614292333523432,-0.07685178518295288,-0.02537877283130759,A
0.0,0.0,0.0,0.014884357651074728,-0.013422161340713501,-0.011130963933437007,0.02065827449162801,-0.032624393701553345,-0.017925063862248198,0.017852654059727985,-0.04473615686098734,-0.02400572032987469,0.015736371278762817,-0.05528696378072103,-0.030242743995133974,0.004497706890106201,-0.07535471518834432,-0.013964105568298635,0.006346230705579122,-0.11106589436531067,-0.022493700434857544,0.007043123245239258,-0.13371700048446655,-0.02819247863575214,0.006917774677276611,-0.15367472171783447,-0.031861526674373884,-0.010267530878384909,-0.07679755489031474,-0.01388819742336267,-0.014964446425437927,-0.11987818280855815,-0.021995226169719235,-0.018699387709299724,-0.1482123633225759,-0.027326140956425604,-0.02221312125523885,-0.1730542629957199,-0.03061474620684379,-0.022274523973464966,-0.06695227821667989,-0.014783226978127098,-0.0315891702969869,-0.0901052753130595,-0.02442639423543606,-0.035091529289881386,-0.09625037511189778,-0.028719125719213423,-0.03747897346814474,-0.10306667288144429,-0.029958039304955737,-0.03204154968261719,-0.05003902316093445,-0.016383950381322638,-0.04201840360959371,-0.0657748281955719,-0.02366264654953672,-0.04522117475668589,-0.07087553540865581,-0.025142567946358458,-0.04687575499216715,-0.07608126600583394,-0.02516109722986215,A
0.0,0.0,0.0,0.015377784768740336,-0.01431711514790853,-0.010988904332511614,0.02311171094576518,-0.03526495893796285,-0.01749047374516029,0.02151388426621755,-0.051802486181259155,-0.02288960325384437,0.020018269618352253,-0.06545102596282959,-0.028707488919688256,0.007003198067347209,-0.08026540279388428,-0.014079605708910018,0.00819083551565806,-0.11723483602205913,-0.021623461986971886,0.008398036162058512,-0.14008226990699768,-0.02697749235520064,0.0075910985469818115,-0.16073388854662576,-0.030686544423692414,-0.00883817176024119,-0.08279637495676677,-0.013810688022914519,-0.011717850963274637,-0.12700746456782022,-0.0201764740190337,-0.014607374866803488,-0.15636215607325235,-0.024785210237297406,-0.01771684984366099,-0.18210596839586893,-0.02785612690736154,-0.02193884551525116,-0.07373105486234029,-0.014497825579487275,-0.03190018733342489,-0.1080450713634491,-0.02251615050722459,-0.038108691573143005,-0.1304115653038025,-0.0283826463996301,-0.042847168942292534,-0.150679220755895,-0.03198436726668774,-0.03197584549585978,-0.05626229445139567,-0.01582377219114998,-0.04030866175889969,-0.07297344009081523,-0.02349805786748031,-0.04345439622799555,-0.0755548079808553,-0.026142548628541817,-0.045164888103803,-0.07814458012580872,-0.027400638146095464,A
0.0,0.0,0.0,0.02264392375946045,0.002338775566646031,-0.010913735977094266,0.03676237804549081,0.02203765937260219,-0.026405462086852287,0.039372188704354424,0.05929160118103027,-0.04128079850398235,0.03434363007545471,0.08663420166288104,-0.05641624772826707,0.03667299236570086,-0.02628173998423985,-0.03622978049901145,0.049760009561266215,0.019166486603873118,-0.05435583862514599,0.05598548906190055,0.047570926802498956,-0.06601134995968445,0.059541327612740655,0.0660236052104405,-0.07359167762804475,0.018904979739870344,-0.022478337798799788,-0.039627072956532415,0.03423394901411874,0.045394761221749444,-0.05589974261459726,0.037878602743148804,0.07307510716574532,-0.05912258465014629,0.03908882396561759,0.08433808599199567,-0.061885379144775196,0.003040522336959839,-0.00852187190737043,-0.04288523526767766,0.01820834619658334,0.060772172042301724,-0.05369075589585748,0.017664781638554165,0.06842275176729475,-0.0477282704483315,0.015192031860351562,0.05793168715068272,-0.04368093944725412,-0.009175581591469901,0.008505659443991525,-0.04780149289179292,0.0033456385135650635,0.06185672964368548,-0.05357716327970812,0.0049226539475577214,0.06506679739270892,-0.048369231390753144,0.003812347139630999,0.05358348573957171,-0.04468604405715228,A
0.0,0.0,0.0,0.004066276053587596,-0.01602660616238912,-0.006440776348831889,0.009195104241371155,-0.028347134590148926,-0.01651122617669169,0.012785141666730246,-0.03874098261197408,-0.025714893929136434,0.01658577471971512,-0.04897337158521017,-0.035336047514749204,0.006159601112206777,0.0005204677581787109,-0.03439996774442259,0.005801369746526082,-0.010878503322601318,-0.051588097380571206,0.004734128713607788,-0.027241329352060955,-0.06146330303646389,0.003739337126413981,-0.044118026892344155,-0.06769374613163137,0.0021254519621531167,0.003971477349599202,-0.03932158317861223,0.0011401449640591939,-0.010193516810735067,-0.05931625308292373,-0.0004754848778247833,-0.03531789779663086,-0.0698926322579112,-0.00269245853026708,-0.05671524008115133,-0.07772399402357404,-0.0008153989911079407,0.0018846392631530762,-0.04332678899613285,-0.0026486416657765708,-0.011970847845077515,-0.061035069119903085,-0.004076182842254639,-0.03507763147354126,-0.06918206045227511,-0.0056768109401067095,-0.054386417071024575,-0.0745354888756798,-0.0031050468484560647,-0.0045491357644399,-0.046985801257910964,-0.004818749924500783,-0.016604940096537273,-0.06033059344139957,-0.006880280872186025,-0.02991664409637451,-0.06613376871195698,-0.0082064022620519,-0.042273094256718956,-0.07080970249272649,A
0.0,0.0,0.0,-0.005293138325214386,-0.025679685175418854,0.0013250813911782622,-0.006062634289264679,-0.05845661461353302,0.0020424918560366656,-0.0034847520291805267,-0.08615486323833466,0.002405115804640534,-0.0009380914270877838,-0.10182183980941772,0.002961943899072228,-0.006461538374423981,-0.0692082867026329,0.0002699627778839364,-0.0014331042766571045,-0.09925542399287224,-1.6140033630929196e-05,0.00019706785678863525,-0.10537473857402802,0.00035388664887259225,-0.00018300116062164307,-0.11039763316512108,0.0008034571850203953,-0.0019781403243541718,-0.07166285440325737,-0.0014167688592805483,0.0033034011721611023,-0.10474172979593277,-0.0012110380727334835,0.00443195179104805,-0.11559155583381653,-0.0014856662407054522,0.004181653261184692,-0.12256968021392822,-0.0017499191841578998,0.003055065870285034,-0.06875188648700714,-0.0028560018787628927,0.007848221808671951,-0.09787366911768913,-0.003745426171599231,0.008715033531188965,-0.09907995536923409,-0.004254422975145555,0.008156515657901764,-0.0980488769710064,-0.004304848373658299,0.007928580045700073,-0.0625900961458683,-0.003921146426955513,0.013147618621587753,-0.08743082359433174,-0.004086638199305437,0.015182442963123322,-0.09211546927690506,-0.002943908601673595,0.015955675393342972,-0.09485477209091187,-0.0018150743659588464,A
0.0,0.0,0.0,0.00023452043533325195,-0.0324897050857544,-0.016796816630294132,-0.0010928988456726074,-0.05142425298690796,-0.030884103314956234,-0.003942900896072387,-0.0596014142036438,-0.041701395275076436,-0.005981576442718506,-0.059752392768859866,-0.0526317416001163,-0.004614716768264771,-0.01585441827774048,-0.0437522059548698,-0.006356382369995117,-0.01737997531890869,-0.05951922519691806,-0.008398544788360596,-0.024910664558410643,-0.0679771056640945,-0.010523438453674316,-0.03289116621017456,-0.07311764492281299,-0.005665004253387451,0.00961911678314209,-0.04081529176421981,-0.009288835525512695,0.004292690753936767,-0.0567067606616817,-0.01173080801963806,-0.008694744110107422,-0.06241291521676402,-0.013797509670257568,-0.020441651344299316,-0.06679912267812113,-0.006360477209091187,0.026584982872009277,-0.03744035235234122,-0.010159850120544434,0.022850191593170165,-0.05125348477252345,-0.012679427862167358,0.010528886318206787,-0.05547843633778911,-0.014884799718856812,-0.002264547348022461,-0.05801235905476432,-0.006505745649337769,0.036711502075195315,-0.03478076031990866,-0.01088491678237915,0.038164186477661136,-0.04453508800454955,-0.014217156171798705,0.029783916473388673,-0.047980919690807866,-0.01710161566734314,0.01974813938140869,-0.05073048754223208,A
0.0,0.0,0.0,0.00484718382358551,-0.020097792148590088,-0.018181911311105914,0.013172611594200134,-0.02274846037228902,-0.03202365124442282,0.02195042868455251,-0.006124476591746013,-0.04224105353000862,0.026446690162022907,0.015115837256113688,-0.0518770877877186,0.004525348544120789,-0.01234099268913269,-0.043847089818051486,0.01783280571301778,0.00633076826731364,-0.05935031551090978,0.021497721473375957,0.01318065325419108,-0.06593025261380377,0.020282596349716187,0.01856037974357605,-0.06997237698950472,0.00472259521484375,0.015731523434321087,-0.04050050896126134,0.026246959964434307,0.036312768856684365,-0.0549838564963947,0.02885521451632182,0.029911130666732788,-0.05533347002385162,0.023890261848767597,0.020158002773920696,-0.05589892904428743,0.006087581316630046,0.03718371192614237,-0.03718244038987262,0.027167608340581257,0.0547238290309906,-0.049172163039129003,0.028616989652315777,0.0460411806901296,-0.04511053583739303,0.023005366325378418,0.03626277049382528,-0.042198229300162225,0.0077026089032491045,0.05274818340937296,-0.035314725120545454,0.02331950267155965,0.06445955236752827,-0.04437406581360204,0.025027697285016377,0.05761184295018514,-0.04277029170809291,0.021269346276919048,0.04879270990689596,-0.041216044716220125,A
0.0,0.0,0.0,0.011611849069595337,-0.021015918254852294,-0.010536407280492455,0.02491951584815979,-0.03586245775222778,-0.02147344371468094,0.03542670011520386,-0.034560883045196535,-0.03170576353721586,0.04078812003135681,-0.028025245666503905,-0.04216113343999055,0.019219410419464112,-0.07191783785820008,-0.02682322945609954,0.0294827938079834,-0.10318825244903565,-0.03944906445384291,0.03695809841156006,-0.12357052564620971,-0.04679939520709482,0.04250838160514832,-0.1397987425327301,-0.05212426276110378,0.00965423583984375,-0.062396079301834106,-0.02834278994117554,0.022685211896896363,-0.05725550651550293,-0.04239163098089662,0.029720085859298705,-0.03135249614715576,-0.044509576095047264,0.03255528211593628,-0.015363174676895141,-0.04473986273795631,0.0012352883815765381,-0.0429495096206665,-0.03013370420947936,0.015847444534301758,-0.031165313720703126,-0.042050692273083,0.02194424867630005,-0.011403006315231324,-0.03871888050042358,0.022406017780303954,-0.0007072329521179199,-0.03492259678595033,-0.0055730283260345456,-0.021883004903793336,-0.03281507810741928,0.0058916985988616945,-0.011071288585662841,-0.040888551619614334,0.011382663249969482,0.0015516936779022216,-0.03851094206027952,0.012314021587371826,0.007310116291046142,-0.035675673626142414,A
0.0,0.0,0.0,-0.007157747944196065,-0.021187504132588703,-0.0015918946682512332,-0.014085859060287476,-0.036741048097610474,-0.006590255535475246,-0.018383674323558807,-0.0464305579662323,-0.011763347312144271,-0.020864856739838917,-0.0562403549750646,-0.01774786684285286,-0.016501352190971375,-0.032664974530537925,-0.01943698362380945,-0.019435112675031025,-0.04695722460746765,-0.03184973611430012,-0.020642126599947613,-0.0581547220547994,-0.03915054638182802,-0.020799291630585987,-0.06808614730834961,-0.04418504990881367,-0.013307986160119375,-0.024383763472239178,-0.025069998964624435,-0.015727363526821136,-0.04011861979961395,-0.039190037873841156,-0.016256573299566906,-0.052857860922813416,-0.047467727291044426,-0.016081233819325764,-0.06490524113178253,-0.05340206196154836,-0.008380668858687082,-0.014544139305750528,-0.030002334232088756,-0.009507517019907633,-0.028338586290677387,-0.04330483459180279,-0.008911420901616415,-0.039440080523490906,-0.04960969594861749,-0.008699998259544373,-0.050468469659487404,-0.053667731039183174,-0.002156674861907959,-0.004155457019805908,-0.03442947170630776,-0.0026812851428985596,-0.010087947050730387,-0.04613190338259621,-0.002443323532740275,-0.016314019759496052,-0.051251426416095924,-0.0023275340596834817,-0.02318065861860911,-0.054745362527625595,A
0.0,0.0,0.0,0.0058721378445625305,-0.039945557713508606,0.0017692393518817795,0.007061943411827087,-0.07819169759750366,0.00012115279215585417,0.010742388665676117,-0.10573450475931168,-0.0027474305173083025,0.016887322068214417,-0.1253897249698639,-0.006198536131966748,-0.005126141011714935,-0.0862681046128273,-0.004646633861090876,0.0016836747527122498,-0.12187684327363968,-0.011396887123089172,0.00967106968164444,-0.13726838305592537,-0.01648578687335167,0.017406366765499115,-0.14849791675806046,-0.020213934935133793,-0.00832456350326538,-0.07548826932907104,-0.010192750364046432,-0.0005349591374397278,-0.11341185867786407,-0.01714583753372345,0.008088678121566772,-0.13073236495256424,-0.022171754965063073,0.01642761379480362,-0.14374715834856033,-0.02623787486689899,-0.009261250495910645,-0.05978590250015259,-0.015768979086976387,-0.004631638526916504,-0.09152934327721596,-0.022280602476064004,0.0021062567830085754,-0.10818077996373177,-0.02577860466434423,0.009242728352546692,-0.12169544398784637,-0.028803398301795013,-0.007978588342666626,-0.04117347300052643,-0.021110700319956877,-0.006922408938407898,-0.05852998048067093,-0.02599240623411525,-0.003680795431137085,-0.07081301510334015,-0.02776968690912973,0.000521242618560791,-0.08238628506660461,-0.02961835674822133,A
0.0,0.0,0.0,-0.00018789172172546388,-0.03186954259872436,-0.004857385438332962,0.00012123584747314453,-0.06941529512405395,-0.009718711907441424,-0.0012588858604431151,-0.10053155422210694,-0.013989298709599928,-0.004195016622543335,-0.12333829402923584,-0.018348943954731033,-0.005354762077331543,-0.06567304134368897,-0.01583323720882337,-0.00909050703048706,-0.10080207586288452,-0.024390433449695513,-0.010986918210983276,-0.11881865262985229,-0.02909302143419783,-0.013036102056503296,-0.1336777091026306,-0.03206996833945315,-0.0069569826126098635,-0.059322035312652587,-0.017585356627057003,-0.011763614416122437,-0.09699926376342774,-0.026340640616069243,-0.015524107217788696,-0.11986749172210694,-0.03084649471605818,-0.01937677264213562,-0.13750021457672118,-0.03423191113437216,-0.0071169078350067135,-0.05054228305816651,-0.019272269029567645,-0.010425132513046265,-0.08233778476715088,-0.027638838719973968,-0.013161486387252808,-0.10204480886459351,-0.031061866786728308,-0.016110920906066896,-0.1177895188331604,-0.03322206446940701,-0.006180578470230102,-0.040351128578186034,-0.021001768019447732,-0.006561082601547241,-0.06298701763153076,-0.027545151953051496,-0.0072208762168884276,-0.07735182046890259,-0.029890909139464305,-0.008587312698364259,-0.08892059326171875,-0.03154312679583828,A
0.0,0.0,0.0,-0.008247951666514078,-0.0170515775680542,-0.009534947840577956,-0.016874194145202637,-0.028005083401997883,-0.018417999026757077,-0.023051172494888306,-0.03271939357121786,-0.025431473695443668,-0.026631072163581848,-0.032731602589289345,-0.033058847528342504,-0.0173385888338089,-0.03145266572634379,-0.027638385843256213,-0.0286921759446462,-0.029757072528203327,-0.03928939097351739,-0.034189278880755104,-0.02839881181716919,-0.04628696121376663,-0.03748476008574168,-0.027958859999974568,-0.050528362543403205,-0.01614728073279063,-0.018156657616297405,-0.027129714837689296,-0.027386064330736797,-0.017881184816360474,-0.037497485051323075,-0.03295795371135076,-0.017358918984731037,-0.04242155188174953,-0.03606763482093811,-0.01685631275177002,-0.046453006405153964,-0.014883582790692648,-0.0037029683589935303,-0.026215126732755795,-0.024631927410761516,-0.0027985970179239907,-0.03479988329213768,-0.03007614364226659,-0.0036620994408925376,-0.03790149231852998,-0.03305156032244364,-0.005144427220026652,-0.040248541311441954,-0.013372461001078287,0.010397255420684814,-0.02558138127850403,-0.021222750345865887,0.013232340415318808,-0.03169126295896282,-0.02572898070017497,0.012704034646352133,-0.03345976164044847,-0.028635052343209583,0.011218518018722534,-0.03490368447057316,A
0.0,0.0,0.0,-0.0006900104609402744,-0.030215458436445755,-0.01907765588952773,-0.0006063905629244717,-0.05715956471183083,-0.03575298729709302,-0.0013901808045127175,-0.07876506718722256,-0.04867908470604605,-0.0033739100803028455,-0.09738024798306552,-0.062231404726488714,0.002375629815188321,-0.03219011696902188,-0.05148052595489103,-0.0016950910741632636,-0.02885666760531339,-0.06958125872301482,-0.008176478472622957,-0.026454259048808704,-0.07879500990497493,-0.013750759038058195,-0.025317907333374023,-0.08463110387258607,0.00230208852074363,-0.0062603896314447575,-0.048838985764855375,-0.0018355033614418724,-0.00294450196352872,-0.06658186392961275,-0.008649804375388405,-0.002500702034343373,-0.07316096840190314,-0.013991550965742632,-0.0023531534455039286,-0.07870780221373895,0.0015434622764587402,0.015370661562139338,-0.045708323086537786,-0.0024430535056374288,0.020779636773196133,-0.06133128857004069,-0.008899802511388605,0.021578420292247425,-0.06645406818458678,-0.014032309705560858,0.021071336486122826,-0.07021572696825018,-3.70036471973766e-05,0.03266208822076971,-0.04332442566685754,-0.0024196397174488416,0.04086340557445179,-0.05578262089938978,-0.007343844933943315,0.04435984112999656,-0.060802141562792074,-0.012139038606123491,0.04544474319978194,-0.06493559058350294,A
0.0,0.0,0.0,-0.002706819772720337,-0.02426241636276245,-0.004434501971279303,-0.0019133329391479493,-0.055683255195617676,-0.00785466296148769,0.0002932190895080566,-0.08418688774108887,-0.010644696313117662,0.0015991508960723877,-0.10728354454040527,-0.013691981006574849,0.00014444589614868165,-0.07290723323822021,-0.012974209510882417,0.0015891671180725097,-0.11625652313232422,-0.020260727903966824,0.002363532781600952,-0.13795469999313353,-0.02404628837031595,0.0028106331825256347,-0.15659984350204467,-0.026402817233626762,0.002892071008682251,-0.07076534032821655,-0.014985207594160953,0.005580335855484009,-0.11885223388671876,-0.02235758075041048,0.007056039571762085,-0.14759111404418945,-0.026661772779350203,0.00853409171104431,-0.1717574715614319,-0.02969027081054918,0.004664951562881469,-0.06199666261672974,-0.017053343481545368,0.006262683868408203,-0.0968247413635254,-0.02509919324440233,0.00736386775970459,-0.12277013063430786,-0.029590374916021744,0.008597618341445923,-0.1465754985809326,-0.03250045621318094,0.0057014644145965574,-0.04920564889907837,-0.018986206813876548,0.005609893798828125,-0.0694095253944397,-0.025945822461669366,0.00521818995475769,-0.08497217893600464,-0.02845423997861616,0.004883760213851928,-0.100837242603302,-0.0300787854335951,A
0.0,0.0,0.0,0.011784093720572335,-0.002106828348977225,-0.011345616031907266,0.01845436011041914,-0.004585862159729004,-0.02038213293567383,0.017797612718173435,-0.004067663635526385,-0.02824891999464033,0.01583215594291687,-0.003616954599108015,-0.035861405699317776,0.019776870097432817,-0.026600203343800137,-0.023099398661874,0.02667153094496046,-0.02929818630218506,-0.036046944580909165,0.030544029814856394,-0.026083299091884067,-0.04366113673463547,0.033330334084374566,-0.0239980263369424,-0.047897772619703814,0.007226441587720599,-0.028991184064320157,-0.022396231624633906,0.0037002265453338623,-0.00664287805557251,-0.036777382472733065,0.0028166898659297396,0.016456999949046543,-0.04020057088662554,0.0044605859688350135,0.0273221560886928,-0.04062074504892824,-0.005315791283335004,-0.025750087840216502,-0.02227794527575457,-0.00853900398526873,-0.0027341927800859723,-0.035107824973699006,-0.0074389321463448664,0.015625430004937307,-0.03405740406996521,-0.004984742828777858,0.02073171309062413,-0.03081485045907836,-0.015905633568763733,-0.02094669852937971,-0.02295700289941343,-0.019279382058552334,-0.0042663514614105225,-0.03087462154450244,-0.018357208796909878,0.005635989563805717,-0.029464703075524717,-0.015981280377932956,0.006982309477669852,-0.02686655896150723,A
0.0,0.0,0.0,0.013639712333679199,-0.0155051589012146,-0.010705638444242282,0.01965884566307068,-0.03493210077285767,-0.017187518952605528,0.016879403591156007,-0.04832946062088013,-0.022640776215312287,0.014386439323425293,-0.059215974807739255,-0.028172273701247974,0.005341297388076783,-0.06864572763442993,-0.014363026758847042,0.005979567766189575,-0.10031845569610595,-0.022699424205539033,0.0036952078342437746,-0.11720978021621704,-0.027951230248627466,0.0006170034408569336,-0.13019943237304688,-0.03123261011224727,-0.008903378248214721,-0.06771764755249024,-0.013631775183794303,-0.014806503057479858,-0.0963481307029724,-0.02243188596349697,-0.017877596616744994,-0.1050535798072815,-0.026711928984341427,-0.020042067766189574,-0.11165639162063598,-0.028718351712641522,-0.020861059427261353,-0.058071327209472653,-0.013816093234536453,-0.030590569972991942,-0.0763925313949585,-0.022663069656309886,-0.03463426232337952,-0.08267613649368286,-0.026104201888856694,-0.0372284859418869,-0.08901840448379517,-0.02711233026367168,-0.029946190118789674,-0.043356239795684814,-0.014695696858880326,-0.039041823148727416,-0.05568995475769043,-0.021521117678103253,-0.04210177659988403,-0.0602791428565979,-0.023319880059180065,-0.04360940456390381,-0.06522667407989502,-0.02363327941876392,A
0.0,0.0,0.0,0.016786376635233562,-0.01690995693206787,-0.008900396065656698,0.025253886977831524,-0.04303462306658427,-0.01406780491197542,0.029869566361109417,-0.06526398658752441,-0.01887246951385772,0.03667434056599935,-0.08093092838923137,-0.023379316248490767,0.005257914463678996,-0.07458284497261047,-0.010386710254656132,0.00507850448290507,-0.10042892893155415,-0.018874325406918285,0.005182340741157532,-0.10548137625058492,-0.024131753642603115,0.004644935329755147,-0.11190496881802876,-0.02700972604179815,-0.009900068243344625,-0.07382576664288838,-0.010469936635370658,-0.012095014254252115,-0.10766420761744182,-0.018606015486512934,-0.012818862994511923,-0.11664749185244243,-0.022339612251017844,-0.0141020268201828,-0.1266108900308609,-0.02407542414888179,-0.022812341650327046,-0.06544986367225647,-0.011687540648685749,-0.03026025990645091,-0.0931713084379832,-0.019642302306239163,-0.032043213645617165,-0.09949982166290283,-0.022151085553561007,-0.03331303596496582,-0.1068347692489624,-0.022612836683039223,-0.03320146600405375,-0.05140811204910278,-0.013637404971936698,-0.04267467806736628,-0.07422619064648946,-0.018833338676511602,-0.04824970165888468,-0.08976313471794128,-0.020275510853026663,-0.05249659468730291,-0.10564140478769939,-0.02081383625591234,A
0.0,0.0,0.0,0.0020135194063186646,0.0021723508834838867,-0.008499580295306508,0.001783173531293869,0.0012149065732955933,-0.015572506794256036,-0.004143960773944855,0.004861772060394287,-0.022268544625972275,-0.012194804847240448,0.009005308151245117,-0.028911426406835083,-0.005950037389993668,-0.03459997475147247,-0.014618642022383277,-0.006457094103097916,-0.026500627398490906,-0.02583806237626529,-0.0017309822142124176,-0.020017504692077637,-0.03337012624788738,0.003910373896360397,-0.021016128361225128,-0.03784943998280621,-0.01398845762014389,-0.03770628571510315,-0.01501800303768075,-0.01754980906844139,-0.01458384096622467,-0.027289232448224787,-0.012470446527004242,0.011055365204811096,-0.031590832606439356,-0.005723822861909866,0.02328363060951233,-0.03295963650989986,-0.019867248833179474,-0.03520716726779938,-0.016140045108754997,-0.022813599556684494,-0.011640369892120361,-0.02702860787931538,-0.017539549618959427,0.00906941294670105,-0.02718542676839686,-0.01131836324930191,0.017347440123558044,-0.025241168424968485,-0.023826219141483307,-0.029260963201522827,-0.017888662148748402,-0.027375902980566025,-0.011372730135917664,-0.025133148510490422,-0.02474145218729973,0.001371428370475769,-0.024686291790117387,-0.02043568715453148,0.006409287452697754,-0.022871011378724937,A
0.0,0.0,0.0,0.017149025201797487,-0.0033660173416137696,-0.011327541970186771,0.029306060075759886,-0.013539791107177734,-0.019605648495727122,0.02452053427696228,-0.020128691196441652,-0.026929619700186792,0.012255996465682983,-0.021575117111206056,-0.0339315941338473,0.02436581254005432,-0.05511596202850342,-0.01873914429592425,0.02764081358909607,-0.06479626893997192,-0.030537246704571787,0.032135045528411864,-0.05874255895614624,-0.03783892111527258,0.036812770366668704,-0.059374332427978516,-0.04247700178670222,0.007836872339248657,-0.05881365537643433,-0.018480930734896005,0.006726288795471191,-0.04060283303260803,-0.03123836533772284,0.010951727628707886,-0.015873408317565917,-0.034210839659445824,0.014875191450119018,-0.006380558013916016,-0.03495909662591749,-0.006989139318466187,-0.05269482135772705,-0.01914506645547682,-0.00725591778755188,-0.03423982262611389,-0.030336993724577967,-0.0014634788036346435,-0.015117383003234864,-0.027521681204908433,0.003712493181228638,-0.009876787662506104,-0.023846784957223477,-0.019707745313644408,-0.04238648414611816,-0.020866643801801744,-0.019551271200180055,-0.030184197425842284,-0.028221981019251885,-0.01468127965927124,-0.01877971887588501,-0.025772411913149895,-0.010234266519546509,-0.015897107124328614,-0.022603771999948563,A
0.0,0.0,0.0,0.010867322033101862,-0.009369508786634966,-0.01171703619429691,0.01782089200886813,-0.02112856236371127,-0.020566272440664658,0.013361448591405695,-0.022698792544278232,-0.028879445784176803,0.003917653452266346,-0.019683588634837757,-0.03679377515516855,0.0160741155797785,-0.059457594698125664,-0.0176826460173965,0.020687040957537563,-0.07560729438608343,-0.03093049393429355,0.0250240835276517,-0.0714903636412187,-0.03872029345453143,0.027863906188444656,-0.06739180196415294,-0.04254636183012973,0.0027538321234963155,-0.06181867014278065,-0.01709730925009012,0.0023180815306576815,-0.05385628613558682,-0.031227930594279873,0.005262038924477317,-0.02986589886925437,-0.03538851403686491,0.007546893574974753,-0.018329831686886875,-0.03572556035394376,-0.008480703288858587,-0.05602944439107722,-0.01770686338880203,-0.007952305403622713,-0.044321504506197845,-0.029736840015152147,-0.0030774176120758057,-0.025254254991357975,-0.02870815266063625,0.00010251727971163663,-0.019205001267519863,-0.025166719958569027,-0.017801176417957653,-0.046885013580322266,-0.019334268541712163,-0.016182969916950573,-0.040385544300079346,-0.026517575498037228,-0.011143408038399437,-0.031370260498740456,-0.0246873737326842,-0.007363487373698841,-0.030089611356908626,-0.021367313692009435,A
0.0,0.0,0.0,0.010917291045188904,-0.003568217158317566,-0.013355226345990253,0.01735249658425649,-0.011385555068651835,-0.022900088159376535,0.014290447036425272,-0.014565542340278625,-0.030867606181039564,0.00833513339360555,-0.018622010946273804,-0.03874404015641327,0.008857063949108124,-0.05216611921787262,-0.021971908798450384,0.004894020656744639,-0.07687188684940338,-0.03303672917809005,0.001870344082514445,-0.09137176970640819,-0.03971851113874133,-0.0009152591228485107,-0.1047450453042984,-0.04409820471270298,-0.004425086081027985,-0.055792431036631264,-0.020497366410378765,-0.011345813671747843,-0.05808420976003011,-0.03282180802276646,-0.011506892740726471,-0.049568191170692444,-0.03624301637834226,-0.010038800537586212,-0.04914161811272303,-0.03722833812237695,-0.015766998132069904,-0.05019243061542511,-0.019976233455051135,-0.023309695223967235,-0.048099979758262634,-0.03054054688042318,-0.022473177562157314,-0.04344061017036438,-0.030336888752265923,-0.020258138577143352,-0.046396742264429726,-0.028745582572504036,-0.02449619521697362,-0.04046584169069926,-0.020598989768583726,-0.03157965963085493,-0.03660653531551361,-0.02832606637851313,-0.030335858464241028,-0.03248866895834605,-0.028123638449866723,-0.027333108087380726,-0.0346485028664271,-0.026686820369222913,A
